country;glacier_name;glacier_id;year;id;original_id;time_system;begin_date;begin_date_unc;end_date_day_of_year;end_date;end_date_unc;epsg;easting;northing;latitude;longitude;elevation;balance_m;balance;balance_unc;density;density_unc;method;balance_code;remarks;source
US;EKLUTNA;;2008;;A;;nan;;131.62;10.05.2008;;32606;393597.3;6792606.8;61.253213;-148.983312;964.4;0.2;0.07;;350;;;winter;;https://doi.org/10.5066/F7MP51CB
US;EKLUTNA;;2008;;A;;10.05.2008;;264.57;20.09.2008;;32606;393620.5;6792645.2;61.253564;-148.982901;949.6;-5.2;-4.57;;879;;;summer;;https://doi.org/10.5066/F7MP51CB
US;EKLUTNA;;2008;;A;;nan;;nan;20.09.2008;;32606;nan;nan;61.253564;-148.982901;949.6;nan;-4.50;;nan;;;annual;Calculated from summer and winter, position and elevation from summer ;https://doi.org/10.5066/F7MP51CB
US;EKLUTNA;;2008;;B;;nan;;134.58;13.05.2008;;32606;393679.4;6790773.4;61.236786;-148.980747;1222.5;3.26;1.41;;433;;;winter;;https://doi.org/10.5066/F7MP51CB
US;EKLUTNA;;2008;;B;;13.05.2008;;257.46;13.09.2008;;32606;393679.2;6790787.2;61.23691;-148.980758;1219.5;-4.27;-2.32;;543;;;summer;;https://doi.org/10.5066/F7MP51CB
US;EKLUTNA;;2008;;B;;nan;;nan;13.09.2008;;32606;nan;nan;61.23691;-148.980758;1219.5;nan;-0.91;;nan;;;annual;Calculated from summer and winter, position and elevation from summer ;https://doi.org/10.5066/F7MP51CB
US;EKLUTNA;;2008;;C;;nan;;129.74;08.05.2008;;32606;394728.6;6786974.5;61.202985;-148.959094;1438.5;4.66;1.83;;393;;;winter;;https://doi.org/10.5066/F7MP51CB
US;EKLUTNA;;2008;;C;;08.05.2008;;271.58;27.09.2008;;32606;394727.9;6786983.1;61.203062;-148.959111;1434.8;-3.05;-1.12;;366;;;summer;;https://doi.org/10.5066/F7MP51CB
US;EKLUTNA;;2008;;C;;nan;;nan;27.09.2008;;32606;nan;nan;61.203062;-148.959111;1434.8;nan;0.72;;nan;;;annual;Calculated from summer and winter, position and elevation from summer ;https://doi.org/10.5066/F7MP51CB
US;EKLUTNA;;2009;;Abl;;nan;;129.66;09.05.2009;;32606;393294.5;6791634.3;61.244405;-148.9884;1136.5;1.25;0.60;;483;;;winter;;https://doi.org/10.5066/F7MP51CB
US;EKLUTNA;;2009;;Abl;;09.05.2009;;254.78;11.09.2009;;32606;393294.6;6791650;61.244546;-148.988407;1130.6;-5.88;-4.77;;811;;;summer;;https://doi.org/10.5066/F7MP51CB
US;EKLUTNA;;2009;;Abl;;nan;;nan;11.09.2009;;32606;nan;nan;61.244546;-148.988407;1130.6;nan;-4.16;;nan;;;annual;Calculated from summer and winter, position and elevation from summer ;https://doi.org/10.5066/F7MP51CB
US;EKLUTNA;;2009;;Wx;;nan;;130.68;10.05.2009;;32606;394850.5;6787850;61.210873;-148.957314;1400.4;2.75;1.42;;518;;;winter;;https://doi.org/10.5066/F7MP51CB
US;EKLUTNA;;2009;;Wx;;10.05.2009;;255.45;12.09.2009;;32606;394848.6;6787858.6;61.21095;-148.957354;1394.7;-5.21;-3.19;;613;;;summer;;https://doi.org/10.5066/F7MP51CB
US;EKLUTNA;;2009;;Wx;;nan;;nan;12.09.2009;;32606;nan;nan;61.21095;-148.957354;1394.7;nan;-1.77;;nan;;;annual;Calculated from summer and winter, position and elevation from summer ;https://doi.org/10.5066/F7MP51CB
US;EKLUTNA;;2009;;Acc1;;nan;;128.66;08.05.2009;;32606;394365.3;6784626.6;61.181821;-148.964537;1537.7;3.83;1.64;;429;;;winter;;https://doi.org/10.5066/F7MP51CB
US;EKLUTNA;;2009;;Acc1;;08.05.2009;;255.55;12.09.2009;;32606;394365.5;6784629.6;61.181848;-148.964535;1530.6;-3.88;-1.67;;430;;;summer;;https://doi.org/10.5066/F7MP51CB
US;EKLUTNA;;2009;;Acc1;;nan;;nan;12.09.2009;;32606;nan;nan;61.181848;-148.964535;1530.6;nan;-0.03;;nan;;;annual;Calculated from summer and winter, position and elevation from summer ;https://doi.org/10.5066/F7MP51CB
US;EKLUTNA;;2010;;Abl;;11.09.2009;;144.55;24.05.2010;;32606;393291.3;6791616.4;61.244244;-148.98845;1137.7;1.35;0.67;;496;;;winter;;https://doi.org/10.5066/F7MP51CB
US;EKLUTNA;;2010;;Abl;;24.05.2010;;264.61;21.09.2010;;32606;393289.7;6791636.5;61.244424;-148.988491;1130.7;-5.25;-4.18;;796;;;summer;;https://doi.org/10.5066/F7MP51CB
US;EKLUTNA;;2010;;Abl;;11.09.2009;;nan;21.09.2010;;32606;nan;nan;61.244424;-148.988491;1130.7;nan;-3.51;;nan;;;annual;Calculated from summer and winter, position and elevation from summer ;https://doi.org/10.5066/F7MP51CB
US;EKLUTNA;;2010;;AV;;nan;;145.45;25.05.2010;;32606;nan;nan;61.225997;-148.970401;1337.1;2.56;1.16;;454;;;winter;Position and elevation from summer;https://doi.org/10.5066/F7MP51CB
US;EKLUTNA;;2010;;AV;;25.05.2010;;265.37;22.09.2010;;32606;394198.4;6789555.2;61.225997;-148.970401;1337.1;-4.33;-2.75;;636;;;summer;;https://doi.org/10.5066/F7MP51CB
US;EKLUTNA;;2010;;AV;;nan;;nan;22.09.2010;;32606;nan;nan;61.225997;-148.970401;1337.1;nan;-1.59;;nan;;;annual;Calculated from summer and winter, position and elevation from summer ;https://doi.org/10.5066/F7MP51CB
US;EKLUTNA;;2010;;Wx;;12.09.2009;;142.61;22.05.2010;;32606;394859.4;6787849.4;61.21087;-148.957148;1398.6;4.63;2.05;;442;;;winter;;https://doi.org/10.5066/F7MP51CB
US;EKLUTNA;;2010;;Wx;;22.05.2010;;265.43;22.09.2010;;32606;394858.1;6787857;61.210938;-148.957177;1394.1;-4.65;-2.06;;444;;;summer;;https://doi.org/10.5066/F7MP51CB
US;EKLUTNA;;2010;;Wx;;12.09.2009;;nan;22.09.2010;;32606;nan;nan;61.210938;-148.957177;1394.1;nan;-0.02;;nan;;;annual;Calculated from summer and winter, position and elevation from summer ;https://doi.org/10.5066/F7MP51CB
US;EKLUTNA;;2010;;Acc2;;nan;;145.55;25.05.2010;;32606;nan;nan;61.196119;-148.932921;1519.3;5.18;2.57;;497;;;winter;Position and elevation from summer;https://doi.org/10.5066/F7MP51CB
US;EKLUTNA;;2010;;Acc2;;25.05.2010;;265.5;22.09.2010;;32606;396112.1;6786168.1;61.196119;-148.932921;1519.3;-3.25;-1.61;;494;;;summer;;https://doi.org/10.5066/F7MP51CB
US;EKLUTNA;;2010;;Acc2;;nan;;nan;22.09.2010;;32606;nan;nan;61.196119;-148.932921;1519.3;nan;0.97;;nan;;;annual;;https://doi.org/10.5066/F7MP51CB
US;EKLUTNA;;2010;;Acc1;;12.09.2009;;146.69;26.05.2010;;32606;394370.5;6784629.3;61.181847;-148.964442;1535.56;4.91;2.46;;502;;;winter;;https://doi.org/10.5066/F7MP51CB
US;EKLUTNA;;2010;;Acc1;;26.05.2010;;265.6;22.09.2010;;32606;394370.7;6784632.2;61.181873;-148.96444;1530.57;-3.6;-1.81;;502;;;summer;;https://doi.org/10.5066/F7MP51CB
US;EKLUTNA;;2010;;Acc1;;12.09.2009;;nan;22.09.2010;;32606;nan;nan;61.181873;-148.96444;1530.57;nan;0.66;;nan;;;annual;Calculated from summer and winter, position and elevation from summer ;https://doi.org/10.5066/F7MP51CB
US;EKLUTNA;;2011;;Abl;;21.09.2010;;134.43;14.05.2011;;32606;393291.6;6791616.6;61.244246;-148.988444;1135.38;1.06;0.37;;351;;;winter;;https://doi.org/10.5066/F7MP51CB
US;EKLUTNA;;2011;;Abl;;14.05.2011;;261.53;18.09.2011;;32606;393290.5;6791637.3;61.244431;-148.988476;1129.42;-5.38;-4.26;;792;;;summer;;https://doi.org/10.5066/F7MP51CB
US;EKLUTNA;;2011;;Abl;;21.09.2010;;nan;18.09.2011;;32606;nan;nan;61.244431;-148.988476;1129.42;nan;-3.89;;nan;;;annual;Calculated from summer and winter, position and elevation from summer ;https://doi.org/10.5066/F7MP51CB
US;EKLUTNA;;2011;;AV;;22.09.2010;;132.57;12.05.2011;;32606;nan;nan;61.225997;-148.970401;1337.1;2.1;0.83;;397;;;winter;Position and elevation from 2010;https://doi.org/10.5066/F7MP51CB
US;EKLUTNA;;2011;;AV;;12.05.2011;;261.62;18.09.2011;;32606;nan;nan;61.225997;-148.970401;1337.1;-4.02;-2.56;;637;;;summer;Position and elevation from 2010;https://doi.org/10.5066/F7MP51CB
US;EKLUTNA;;2011;;AV;;22.09.2010;;nan;18.09.2011;;32606;nan;nan;61.225997;-148.970401;1337.1;nan;-1.73;;nan;;;annual;Calculated from summer and winter, position and elevation from 2010;https://doi.org/10.5066/F7MP51CB
US;EKLUTNA;;2011;;Wx;;22.09.2010;;132.73;12.05.2011;;32606;394855.2;6787871.1;61.211064;-148.957238;1397.04;3.4;1.39;;409;;;winter;;https://doi.org/10.5066/F7MP51CB
US;EKLUTNA;;2011;;Wx;;12.05.2011;;261.41;18.09.2011;;32606;394853.2;6787878.8;61.211132;-148.95728;1392.5;-4.28;-2.18;;510;;;summer;;https://doi.org/10.5066/F7MP51CB
US;EKLUTNA;;2011;;Wx;;22.09.2010;;nan;18.09.2011;;32606;nan;nan;61.211132;-148.95728;1392.5;nan;-0.79;;nan;;;annual;Calculated from summer and winter, position and elevation from summer ;https://doi.org/10.5066/F7MP51CB
US;EKLUTNA;;2011;;Acc2;;22.09.2010;;132.6;12.05.2011;;32606;396106.6;6786173.1;61.196163;-148.933026;1522.68;4.15;1.67;;403;;;winter;;https://doi.org/10.5066/F7MP51CB
US;EKLUTNA;;2011;;Acc2;;12.05.2011;;261.55;18.09.2011;;32606;396102.6;6786176.8;61.196195;-148.933102;1519.04;-3.28;-1.32;;402;;;summer;;https://doi.org/10.5066/F7MP51CB
US;EKLUTNA;;2011;;Acc2;;22.09.2010;;nan;18.09.2011;;32606;nan;nan;61.196195;-148.933102;1519.04;nan;0.35;;nan;;;annual;Calculated from summer and winter, position and elevation from summer ;https://doi.org/10.5066/F7MP51CB
US;EKLUTNA;;2011;;Acc1;;22.09.2010;;132.43;12.05.2011;;32606;394365.2;6784635.8;61.181904;-148.964544;1533.43;4.1;1.71;;417;;;winter;;https://doi.org/10.5066/F7MP51CB
US;EKLUTNA;;2011;;Acc1;;12.05.2011;;261.5;18.09.2011;;32606;394365.5;6784638.9;61.181931;-148.964541;1529.71;-3.01;-1.22;;404;;;summer;;https://doi.org/10.5066/F7MP51CB
US;EKLUTNA;;2011;;Acc1;;22.09.2010;;nan;18.09.2011;;32606;nan;nan;61.181931;-148.964541;1529.71;nan;0.49;;nan;;;annual;Calculated from summer and winter, position and elevation from summer ;https://doi.org/10.5066/F7MP51CB
US;EKLUTNA;;2011;;West;;nan;;134.51;14.05.2011;;32606;391638.1;6786137.6;61.194633;-149.016086;1385.24;2.61;1.02;;389;;;winter;;https://doi.org/10.5066/F7MP51CB
US;EKLUTNA;;2011;;West;;14.05.2011;;261.44;18.09.2011;;32606;391638.8;6788145.5;61.212648;-149.017225;1380.75;-3.96;-2.23;;563;;;summer;;https://doi.org/10.5066/F7MP51CB
US;EKLUTNA;;2011;;West;;nan;;nan;18.09.2011;;32606;nan;nan;61.212648;-149.017225;1380.75;nan;-1.21;;nan;;;annual;Calculated from summer and winter, position and elevation from summer ;https://doi.org/10.5066/F7MP51CB
US;EKLUTNA;;2011;;Wacc;;nan;;134.59;14.05.2011;;32606;391638.1;6786137.6;61.194633;-149.016086;1385.24;2.94;1.39;;472;;;winter;;https://doi.org/10.5066/F7MP51CB
US;EKLUTNA;;2011;;Wacc;;14.05.2011;;261.42;18.09.2011;;32606;391638.8;6788145.5;61.212648;-149.017225;1380.75;-2.96;-1.40;;474;;;summer;;https://doi.org/10.5066/F7MP51CB
US;EKLUTNA;;2011;;Wacc;;nan;;nan;18.09.2011;;32606;nan;nan;61.212648;-149.017225;1380.75;nan;-0.02;;nan;;;annual;Calculated from summer and winter, position and elevation from summer ;https://doi.org/10.5066/F7MP51CB
US;EKLUTNA;;2012;;Abl;;18.09.2011;;137.55;16.05.2012;;32606;393297.9;6791636.5;61.244426;-148.988338;1133.08;2.3;0.96;;418;;;winter;;https://doi.org/10.5066/F7MP51CB
US;EKLUTNA;;2012;;Abl;;16.05.2012;;261.53;17.09.2012;;32606;393297.7;6791655.9;61.2446;-148.988353;1128.62;-4.5;-2.94;;654;;;summer;;https://doi.org/10.5066/F7MP51CB
US;EKLUTNA;;2012;;Abl;;18.09.2011;;nan;17.09.2012;;32606;nan;nan;61.2446;-148.988353;1128.62;nan;-1.98;;nan;;;annual;Calculated from summer and winter, position and elevation from summer ;https://doi.org/10.5066/F7MP51CB
US;EKLUTNA;;2012;;Wx;;18.09.2011;;135.64;14.05.2012;;32606;394851.6;6787893.1;61.21126;-148.957318;1396.6;5.49;2.62;;477;;;winter;;https://doi.org/10.5066/F7MP51CB
US;EKLUTNA;;2012;;Wx;;14.05.2012;;261.41;17.09.2012;;32606;394848.7;6787900.6;61.211327;-148.957376;1394;-3.94;-1.73;;440;;;summer;;https://doi.org/10.5066/F7MP51CB
US;EKLUTNA;;2012;;Wx;;18.09.2011;;nan;17.09.2012;;32606;nan;nan;61.211327;-148.957376;1394;nan;0.89;;nan;;;annual;Calculated from summer and winter, position and elevation from summer ;https://doi.org/10.5066/F7MP51CB
US;EKLUTNA;;2012;;Acc2;;18.09.2011;;136.43;15.05.2012;;32606;396095.1;6786185.3;61.196269;-148.933246;1523.2;6.81;2.82;;414;;;winter;;https://doi.org/10.5066/F7MP51CB
US;EKLUTNA;;2012;;Acc2;;15.05.2012;;261.55;17.09.2012;;32606;396092;6786187.6;61.196289;-148.933305;1520.7;-3.4;-1.10;;323;;;summer;;https://doi.org/10.5066/F7MP51CB
US;EKLUTNA;;2012;;Acc2;;18.09.2011;;nan;17.09.2012;;32606;nan;nan;61.196289;-148.933305;1520.7;nan;1.72;;nan;;;annual;Calculated from summer and winter, position and elevation from summer ;https://doi.org/10.5066/F7MP51CB
US;EKLUTNA;;2012;;Acc1;;18.09.2011;;136.63;15.05.2012;;32606;394369.1;6784625.6;61.181813;-148.964466;1535.3;6.2;2.70;;436;;;winter;;https://doi.org/10.5066/F7MP51CB
US;EKLUTNA;;2012;;Acc1;;15.05.2012;;261.5;17.09.2012;;32606;394369.7;6784629;61.181844;-148.964457;1532.5;-2.98;-1.04;;348;;;summer;;https://doi.org/10.5066/F7MP51CB
US;EKLUTNA;;2012;;Acc1;;18.09.2011;;nan;17.09.2012;;32606;nan;nan;61.181844;-148.964457;1532.5;nan;1.67;;nan;;;annual;Calculated from summer and winter, position and elevation from summer ;https://doi.org/10.5066/F7MP51CB
US;EKLUTNA;;2012;;West;;18.09.2011;;138.43;17.05.2012;;32606;391639.9;6788156.3;61.212745;-149.017211;1383.8;4.33;1.89;;437;;;winter;;https://doi.org/10.5066/F7MP51CB
US;EKLUTNA;;2012;;West;;17.05.2012;;261.44;17.09.2012;;32606;391640.3;6788163.8;61.212813;-149.017208;1380.7;-3.88;-1.71;;441;;;summer;;https://doi.org/10.5066/F7MP51CB
US;EKLUTNA;;2012;;West;;18.09.2011;;nan;17.09.2012;;32606;nan;nan;61.212813;-149.017208;1380.7;nan;0.18;;nan;;;annual;Calculated from summer and winter, position and elevation from summer ;https://doi.org/10.5066/F7MP51CB
US;EKLUTNA;;2012;;Wacc;;18.09.2011;;138.56;17.05.2012;;32606;390554.1;6786657.3;61.198994;-149.03654;1546.3;4.39;1.82;;415;;;winter;;https://doi.org/10.5066/F7MP51CB
US;EKLUTNA;;2012;;Wacc;;17.05.2012;;261.42;17.09.2012;;32606;390556;6786662.3;61.19904;-149.036508;1543.9;-3.94;-1.61;;408;;;summer;;https://doi.org/10.5066/F7MP51CB
US;EKLUTNA;;2012;;Wacc;;18.09.2011;;nan;17.09.2012;;32606;nan;nan;61.19904;-149.036508;1543.9;nan;0.21;;nan;;;annual;Calculated from summer and winter, position and elevation from summer ;https://doi.org/10.5066/F7MP51CB
US;EKLUTNA;;2013;;Abl;;17.09.2012;;143.38;23.05.2013;;32606;393304.2;6791631.8;61.244386;-148.988218;1133.7;1.35;0.58;;430;;;winter;;https://doi.org/10.5066/F7MP51CB
US;EKLUTNA;;2013;;Abl;;23.05.2013;;257.47;14.09.2013;;32606;393303.6;6791650.3;61.244551;-148.98824;1126.7;-6.5;-5.21;;801;;;summer;;https://doi.org/10.5066/F7MP51CB
US;EKLUTNA;;2013;;Abl;;17.09.2012;;nan;14.09.2013;;32606;nan;nan;61.244551;-148.98824;1126.7;nan;-4.63;;nan;;;annual;Calculated from summer and winter, position and elevation from summer ;https://doi.org/10.5066/F7MP51CB
US;EKLUTNA;;2013;;Wx;;17.09.2012;;142.83;22.05.2013;;32606;394859.7;6787895.2;61.211281;-148.957168;1397.7;3.47;1.44;;415;;;winter;;https://doi.org/10.5066/F7MP51CB
US;EKLUTNA;;2013;;Wx;;22.05.2013;;257.53;14.09.2013;;32606;394858;6787902.9;61.21135;-148.957204;1391.8;-5.23;-2.50;;478;;;summer;;https://doi.org/10.5066/F7MP51CB
US;EKLUTNA;;2013;;Wx;;17.09.2012;;nan;14.09.2013;;32606;nan;nan;61.21135;-148.957204;1391.8;nan;-1.06;;nan;;;annual;Calculated from summer and winter, position and elevation from summer ;https://doi.org/10.5066/F7MP51CB
US;EKLUTNA;;2013;;Acc2;;17.09.2012;;142.61;22.05.2013;;32606;396096.4;6786186.3;61.196278;-148.933222;1524.2;4.29;1.85;;431;;;winter;;https://doi.org/10.5066/F7MP51CB
US;EKLUTNA;;2013;;Acc2;;22.05.2013;;257.5;14.09.2013;;32606;396093.2;6786189.5;61.196306;-148.933284;1518.7;-4.82;-2.17;;450;;;summer;;https://doi.org/10.5066/F7MP51CB
US;EKLUTNA;;2013;;Acc2;;17.09.2012;;nan;14.09.2013;;32606;nan;nan;61.196306;-148.933284;1518.7;nan;-0.32;;nan;;;annual;Calculated from summer and winter, position and elevation from summer ;https://doi.org/10.5066/F7MP51CB
US;EKLUTNA;;2013;;Acc1;;17.09.2012;;141.42;21.05.2013;;32606;394369.4;6787624.5;61.20872;-148.966137;1536.4;4.52;2.03;;449;;;winter;;https://doi.org/10.5066/F7MP51CB
US;EKLUTNA;;2013;;Acc1;;21.05.2013;;257.52;14.09.2013;;32606;396093.2;6786189.5;61.196306;-148.933284;1518.7;-5.02;-2.33;;464;;;summer;;https://doi.org/10.5066/F7MP51CB
US;EKLUTNA;;2013;;Acc1;;17.09.2012;;nan;14.09.2013;;32606;nan;nan;61.196306;-148.933284;1518.7;nan;-0.30;;nan;;;annual;Calculated from summer and winter, position and elevation from summer ;https://doi.org/10.5066/F7MP51CB
US;EKLUTNA;;2013;;Wacc;;17.09.2012;;143.67;23.05.2013;;32606;390557.6;6786662.6;61.199043;-149.036478;1547.1;3.76;1.47;;391;;;winter;;https://doi.org/10.5066/F7MP51CB
US;EKLUTNA;;2013;;Wacc;;23.05.2013;;257.48;14.09.2013;;32606;390562.1;6786667.4;61.199087;-149.036397;1541.3;-5.16;-2.61;;506;;;summer;;https://doi.org/10.5066/F7MP51CB
US;EKLUTNA;;2013;;Wacc;;17.09.2012;;nan;14.09.2013;;32606;nan;nan;61.199087;-149.036397;1541.3;nan;-1.14;;nan;;;annual;Calculated from summer and winter, position and elevation from summer ;https://doi.org/10.5066/F7MP51CB
US;EKLUTNA;;2014;;Abl;;14.09.2013;;140.76;20.05.2014;;32606;nan;nan;61.244668;-148.988544;1122.4;1.85;1.00;;541;;;winter;Position and elevation from summer;https://doi.org/10.5066/F7MP51CB
US;EKLUTNA;;2014;;Abl;;20.05.2014;;267.54;24.09.2014;;32606;393287.7;6791663.8;61.244668;-148.988544;1122.4;-6.41;-5.10;;796;;;summer;;https://doi.org/10.5066/F7MP51CB
US;EKLUTNA;;2014;;Abl;;14.09.2013;;nan;24.09.2014;;32606;nan;nan;61.244668;-148.988544;1122.4;nan;-4.10;;nan;;;annual;Calculated from summer and winter, position and elevation from summer ;https://doi.org/10.5066/F7MP51CB
US;EKLUTNA;;2014;;Wx;;14.09.2013;;136.51;16.05.2014;;32606;394865.6;6787849.6;61.210874;-148.957033;1396;3.2;1.75;;547;;;winter;;https://doi.org/10.5066/F7MP51CB
US;EKLUTNA;;2014;;Wx;;16.05.2014;;264.61;21.09.2014;;32606;394864;6787857.8;61.210947;-148.957067;1391.6;-4.05;-2.51;;620;;;summer;;https://doi.org/10.5066/F7MP51CB
US;EKLUTNA;;2014;;Wx;;14.09.2013;;nan;21.09.2014;;32606;nan;nan;61.210947;-148.957067;1391.6;nan;-0.76;;nan;;;annual;Calculated from summer and winter, position and elevation from summer ;https://doi.org/10.5066/F7MP51CB
US;EKLUTNA;;2014;;Acc2;;14.09.2013;;138.81;18.05.2014;;32606;396097.5;6786187.8;61.196292;-148.933203;1521.5;3.5;1.82;;520;;;winter;;https://doi.org/10.5066/F7MP51CB
US;EKLUTNA;;2014;;Acc2;;18.05.2014;;264.65;21.09.2014;;32606;396093.4;6786192;61.196329;-148.933281;1517.6;-3.31;-1.74;;526;;;summer;;https://doi.org/10.5066/F7MP51CB
US;EKLUTNA;;2014;;Acc2;;14.09.2013;;nan;21.09.2014;;32606;nan;nan;61.196329;-148.933281;1517.6;nan;0.08;;nan;;;annual;Calculated from summer and winter, position and elevation from summer ;https://doi.org/10.5066/F7MP51CB
US;EKLUTNA;;2015;;Abl;;24.09.2014;;93.7;03.04.2015;;32606;394369.6;6784623.3;61.181793;-148.964456;1533.5;1.39;0.49;;353;;;winter;;https://doi.org/10.5066/F7MP51CB
US;EKLUTNA;;2015;;Abl;;03.04.2015;;262.5;19.09.2015;;32606;nan;nan;61.181793;-148.964456;1533.5;-6.42;-5.02;;782;;;summer;Position and elevation from winter;https://doi.org/10.5066/F7MP51CB
US;EKLUTNA;;2015;;Abl;;24.09.2014;;nan;19.09.2015;;32606;nan;nan;61.181793;-148.964456;1533.5;nan;-4.53;;nan;;;annual;Calculated from summer and winter, position and elevation from winter;https://doi.org/10.5066/F7MP51CB
US;EKLUTNA;;2015;;Wx;;21.09.2014;;93.6;03.04.2015;;32606;394872;6787848;61.210861;-148.956913;1393;3;0.99;;330;;;winter;;https://doi.org/10.5066/F7MP51CB
US;EKLUTNA;;2015;;Wx;;03.04.2015;;262.6;19.09.2015;;32606;nan;nan;61.210861;-148.956913;1393;-4.6;-2.42;;526;;;summer;Position and elevation from winter;https://doi.org/10.5066/F7MP51CB
US;EKLUTNA;;2015;;Wx;;21.09.2014;;nan;19.09.2015;;32606;nan;nan;61.210861;-148.956913;1393;nan;-1.43;;nan;;;annual;Calculated from summer and winter, position and elevation from winter;https://doi.org/10.5066/F7MP51CB
US;EKLUTNA;;2015;;Acc2;;21.09.2014;;93.5;03.04.2015;;32606;396101;6786202;61.196421;-148.933146;1519;3.72;0.99;;266;;;winter;;https://doi.org/10.5066/F7MP51CB
US;EKLUTNA;;2015;;Acc2;;03.04.2015;;262.45;19.09.2015;;32606;nan;nan;61.196421;-148.933146;1519;-4.07;-1.17;;287;;;summer;Position and elevation from winter;https://doi.org/10.5066/F7MP51CB
US;EKLUTNA;;2015;;Acc2;;21.09.2014;;nan;19.09.2015;;32606;nan;nan;61.196421;-148.933146;1519;nan;-0.18;;nan;;;annual;Calculated from summer and winter, position and elevation from winter;https://doi.org/10.5066/F7MP51CB
US;EKLUTNA;;2015;;Wacc;;nan;;94.5;04.04.2015;;32606;390568;6786664;61.199058;-149.036286;1541;2.58;0.80;;310;;;winter;;https://doi.org/10.5066/F7MP51CB
US;EKLUTNA;;2015;;Wacc;;04.04.2015;;262.5;19.09.2015;;32606;nan;nan;61.199058;-149.036286;1541;-3.89;-1.81;;465;;;summer;Position and elevation from winter;https://doi.org/10.5066/F7MP51CB
US;EKLUTNA;;2015;;Wacc;;nan;;nan;19.09.2015;;32606;nan;nan;61.199058;-149.036286;1541;nan;-1.01;;nan;;;annual;Calculated from summer and winter, position and elevation from winter;https://doi.org/10.5066/F7MP51CB
US;KAHILTNA;;2025;;K53;;30.09.2024;;nan;23.05.2025;;32605;585399;6956466;62.72867;-151.32937;1120;nan;0.52;;nan;;;winter;;https://doi.org/10.5066/F7HD7SRF
US;KAHILTNA;;2025;;K53;;30.09.2024;;nan;28.09.2025;;32605;585399;6956466;62.72867;-151.32937;1120;nan;-2.09;;nan;;;annual;;https://doi.org/10.5066/F7HD7SRF
US;KAHILTNA;;2025;;K17b;;30.09.2024;;nan;23.05.2025;;32605;589284;6982185;62.95848;-151.23966;1948;nan;1.07;;nan;;;winter;;https://doi.org/10.5066/F7HD7SRF
US;KAHILTNA;;2025;;KIA;;30.09.2024;;nan;11.06.2025;;32605;592997;6983437;62.96878;-151.1658;2174;nan;0.95;;nan;;;winter;;https://doi.org/10.5066/F7HD7SRF
US;KAHILTNA;;2025;;KPK;;30.09.2024;;nan;23.05.2025;;32605;593035;6989483;63.02301;-151.16164;2323;nan;1.48;;nan;;;winter;;https://doi.org/10.5066/F7HD7SRF
US;KAHILTNA;;2025;;KQU;;30.09.2024;;nan;23.05.2025;;32605;597797;6984454;62.97664;-151.07059;2657;nan;1.04;;nan;;;winter;;https://doi.org/10.5066/F7HD7SRF
US;KAHILTNA;;2025;;KPL;;30.09.2024;;nan;23.05.2025;;32605;592090;6995112;63.07375;-151.17715;3050;nan;1.91;;nan;;;winter;;https://doi.org/10.5066/F7HD7SRF
US;TAKU;;2024;;TKG5;;11.07.2023;;nan;07.07.2024;;32608;547649;6496236;58.60388;-134.18002;976;nan;1.47;;nan;;;annual;;https://doi.org/10.5066/F7HD7SRF
US;TAKU;;2024;;TKG3;;12.07.2023;;nan;04.07.2024;;32608;541907;6502017;58.65639;-134.27775;1191;nan;2.01;;nan;;;annual;;https://doi.org/10.5066/F7HD7SRF
US;TAKU;;2024;;TKG4;;06.07.2023;;nan;06.07.2024;;32608;544299;6499596;58.63441;-134.23701;1102;nan;1.81;;nan;;;annual;;https://doi.org/10.5066/F7HD7SRF
US;TAKU;;2024;;TKG7;;09.07.2023;;nan;12.07.2024;;32608;535779;6505549;58.68865;-134.3828;1330;nan;2;;nan;;;annual;;https://doi.org/10.5066/F7HD7SRF
US;TAKU;;2024;;C161;;08.07.2023;;nan;11.07.2024;;32608;533758;6499329;58.63296;-134.41859;1472;nan;2.36;;nan;;;annual;;https://doi.org/10.5066/F7HD7SRF
US;TAKU;;2024;;MG1;;14.07.2023;;nan;16.07.2024;;32608;545628;6508887;58.7177;-134.21224;1401;nan;1.45;;nan;;;annual;;https://doi.org/10.5066/F7HD7SRF
US;TAKU;;2024;;MG2;;27.07.2023;;nan;30.07.2024;;32608;546507;6519112;58.80943;-134.19494;1749;nan;2.98;;nan;;;annual;;https://doi.org/10.5066/F7HD7SRF
US;TAKU;;2025;;TKG5;;07.07.2024;;nan;09.07.2025;;32608;547649;6496236;58.60388;-134.18002;974;nan;1.84;;nan;;;annual;;https://doi.org/10.5066/F7HD7SRF
US;TAKU;;2025;;TKG3;;04.07.2024;;nan;13.07.2025;;32608;541907;6502017;58.65639;-134.27775;1190;nan;2.67;;nan;;;annual;;https://doi.org/10.5066/F7HD7SRF
US;TAKU;;2025;;TKG4;;06.07.2024;;nan;08.07.2025;;32608;544299;6499596;58.63441;-134.23701;1100;nan;2.57;;nan;;;annual;;https://doi.org/10.5066/F7HD7SRF
US;TAKU;;2025;;TKG7;;12.07.2024;;nan;15.07.2025;;32608;535779;6505549;58.68865;-134.3828;1329;nan;2.41;;nan;;;annual;;https://doi.org/10.5066/F7HD7SRF
US;TAKU;;2025;;C161;;11.07.2024;;nan;16.07.2025;;32608;533758;6499329;58.63296;-134.41859;1471;nan;2.74;;nan;;;annual;;https://doi.org/10.5066/F7HD7SRF
US;TAKU;;2025;;MG1;;16.07.2024;;nan;20.07.2025;;32608;545628;6508887;58.7177;-134.21224;1400;nan;2.41;;nan;;;annual;;https://doi.org/10.5066/F7HD7SRF
US;TAKU;;2025;;MG2;;30.07.2024;;nan;02.08.2025;;32608;546507;6519112;58.80943;-134.19494;1748;nan;2.55;;nan;;;annual;;https://doi.org/10.5066/F7HD7SRF
US;EASTFORK;;2012;;EF1;;01.10.2011;;nan;29.04.2012;;nan;nan;nan;63.435812;-146.596126;2133.089;nan;0.777473;;nan;;;winter;Dates estimated from Bliss et al. (2020): 26 April to 2 May  and 26 –28 September 2012;https://doi.org/10.14509/30138
US;EASTFORK;;2012;;EF2;;01.10.2011;;nan;27.09.2012;;nan;nan;nan;63.435894;-146.781671;1328.113;nan;-3.0708;;nan;;;annual;Dates estimated from Bliss et al. (2020): 26 April to 2 May  and 26 –28 September 2012;https://doi.org/10.14509/30138
US;EASTFORK;;2012;;EF2;;01.10.2011;;nan;29.04.2012;;nan;nan;nan;63.435894;-146.781671;1328.113;nan;0.569136;;nan;;;winter;Dates estimated from Bliss et al. (2020): 26 April to 2 May  and 26 –28 September 2012;https://doi.org/10.14509/30138
US;EASTFORK;;2012;;EF2;;29.04.2012;;nan;27.09.2012;;nan;nan;nan;63.435894;-146.781671;1328.113;nan;-3.639936;;nan;;;summer;Dates estimated from Bliss et al. (2020): 26 April to 2 May  and 26 –28 September 2012;https://doi.org/10.14509/30138
US;EASTFORK;;2012;;EF3;;01.10.2011;;nan;27.09.2012;;nan;nan;nan;63.412699;-146.811411;1073.249;nan;-5.103;;nan;;;annual;Dates estimated from Bliss et al. (2020): 26 April to 2 May  and 26 –28 September 2012;https://doi.org/10.14509/30138
US;EASTFORK;;2012;;EF3;;01.10.2011;;nan;29.04.2012;;nan;nan;nan;63.412699;-146.811411;1073.249;nan;0.079709;;nan;;;winter;Dates estimated from Bliss et al. (2020): 26 April to 2 May  and 26 –28 September 2012;https://doi.org/10.14509/30138
US;EASTFORK;;2012;;EF3;;29.04.2012;;nan;27.09.2012;;nan;nan;nan;63.412699;-146.811411;1073.249;nan;-5.182709;;nan;;;summer;Dates estimated from Bliss et al. (2020): 26 April to 2 May  and 26 –28 September 2012;https://doi.org/10.14509/30138
US;MACLAREN;;2012;;MAC2;;01.10.2011;;nan;27.09.2012;;nan;nan;nan;63.354984;-146.549776;1396.162;nan;-2.385;;nan;;;annual;Dates estimated from Bliss et al. (2020): 26 April to 2 May  and 26 –28 September 2012;https://doi.org/10.14509/30138
US;MACLAREN;;2012;;MAC2;;01.10.2011;;nan;29.04.2012;;nan;nan;nan;63.354984;-146.549776;1396.162;nan;0.881734;;nan;;;winter;Dates estimated from Bliss et al. (2020): 26 April to 2 May  and 26 –28 September 2012;https://doi.org/10.14509/30138
US;MACLAREN;;2012;;MAC2;;29.04.2012;;nan;27.09.2012;;nan;nan;nan;63.354984;-146.549776;1396.162;nan;-3.266734;;nan;;;summer;Dates estimated from Bliss et al. (2020): 26 April to 2 May  and 26 –28 September 2012;https://doi.org/10.14509/30138
US;MACLAREN;;2012;;MAC3;;01.10.2011;;nan;27.09.2012;;nan;nan;nan;63.305365;-146.527406;1018.191;nan;-4.3713;;nan;;;annual;Dates estimated from Bliss et al. (2020): 26 April to 2 May  and 26 –28 September 2012;https://doi.org/10.14509/30138
US;MACLAREN;;2012;;MAC3;;01.10.2011;;nan;29.04.2012;;nan;nan;nan;63.305365;-146.527406;1018.191;nan;0.591992;;nan;;;winter;Dates estimated from Bliss et al. (2020): 26 April to 2 May  and 26 –28 September 2012;https://doi.org/10.14509/30138
US;MACLAREN;;2012;;MAC3;;29.04.2012;;nan;27.09.2012;;nan;nan;nan;63.305365;-146.527406;1018.191;nan;-4.963292;;nan;;;summer;Dates estimated from Bliss et al. (2020): 26 April to 2 May  and 26 –28 September 2012;https://doi.org/10.14509/30138
US;SUSITNA;;2012;;SU1;;01.10.2011;;nan;27.09.2012;;nan;nan;nan;63.492879;-146.616537;1857.641;nan;0.506;;nan;;;annual;Dates estimated from Bliss et al. (2020): 26 April to 2 May  and 26 –28 September 2012;https://doi.org/10.14509/30138
US;SUSITNA;;2012;;SU1;;01.10.2011;;nan;29.04.2012;;nan;nan;nan;63.492879;-146.616537;1857.641;nan;0.970732;;nan;;;winter;Dates estimated from Bliss et al. (2020): 26 April to 2 May  and 26 –28 September 2012;https://doi.org/10.14509/30138
US;SUSITNA;;2012;;SU1;;29.04.2012;;nan;27.09.2012;;nan;nan;nan;63.492879;-146.616537;1857.641;nan;-0.464732;;nan;;;summer;Dates estimated from Bliss et al. (2020): 26 April to 2 May  and 26 –28 September 2012;https://doi.org/10.14509/30138
US;SUSITNA;;2012;;SU1South;;01.10.2011;;nan;29.04.2012;;nan;nan;nan;63.474266;-146.704809;1958.253;nan;0.669108;;nan;;;winter;Dates estimated from Bliss et al. (2020): 26 April to 2 May  and 26 –28 September 2012;https://doi.org/10.14509/30138
US;SUSITNA;;2012;;SU2;;01.10.2011;;nan;27.09.2012;;nan;nan;nan;63.510669;-146.744172;1512.611;nan;-2.530125;;nan;;;annual;Dates estimated from Bliss et al. (2020): 26 April to 2 May  and 26 –28 September 2012;https://doi.org/10.14509/30138
US;SUSITNA;;2012;;SU2;;01.10.2011;;nan;29.04.2012;;nan;nan;nan;63.510669;-146.744172;1512.611;nan;0.512145;;nan;;;winter;Dates estimated from Bliss et al. (2020): 26 April to 2 May  and 26 –28 September 2012;https://doi.org/10.14509/30138
US;SUSITNA;;2012;;SU2;;29.04.2012;;nan;27.09.2012;;nan;nan;nan;63.510669;-146.744172;1512.611;nan;-3.04227;;nan;;;summer;Dates estimated from Bliss et al. (2020): 26 April to 2 May  and 26 –28 September 2012;https://doi.org/10.14509/30138
US;SUSITNA;;2012;;SU3;;01.10.2011;;nan;27.09.2012;;nan;nan;nan;63.51162;-146.88699;1245.242;nan;-3.465;;nan;;;annual;Dates estimated from Bliss et al. (2020): 26 April to 2 May  and 26 –28 September 2012;https://doi.org/10.14509/30138
US;SUSITNA;;2012;;SU3;;01.10.2011;;nan;29.04.2012;;nan;nan;nan;63.51162;-146.88699;1245.242;nan;0.579741;;nan;;;winter;Dates estimated from Bliss et al. (2020): 26 April to 2 May  and 26 –28 September 2012;https://doi.org/10.14509/30138
US;SUSITNA;;2012;;SU3;;29.04.2012;;nan;27.09.2012;;nan;nan;nan;63.51162;-146.88699;1245.242;nan;-4.044741;;nan;;;summer;Dates estimated from Bliss et al. (2020): 26 April to 2 May  and 26 –28 September 2012;https://doi.org/10.14509/30138
US;SUSITNA;;2012;;SU4;;01.10.2011;;nan;27.09.2012;;nan;nan;nan;63.501697;-147.021301;1040.803;nan;-4.14;;nan;;;annual;Dates estimated from Bliss et al. (2020): 26 April to 2 May  and 26 –28 September 2012;https://doi.org/10.14509/30138
US;SUSITNA;;2012;;SU5;;01.10.2011;;nan;27.09.2012;;nan;nan;nan;63.459747;-147.121457;907.54;nan;-1.431;;nan;;;annual;Dates estimated from Bliss et al. (2020): 26 April to 2 May  and 26 –28 September 2012;https://doi.org/10.14509/30138
US;SUSITNA;;2012;;TURKEY1;;01.10.2011;;nan;29.04.2012;;nan;nan;nan;63.585423;-146.751347;2157;nan;0.814916;;nan;;;winter;Dates estimated from Bliss et al. (2020): 26 April to 2 May  and 26 –28 September 2012;https://doi.org/10.14509/30138
US;SUSITNA;;2012;;TURKEY2;;01.10.2011;;nan;29.04.2012;;nan;nan;nan;63.542854;-146.739829;1728;nan;0.556101;;nan;;;winter;Dates estimated from Bliss et al. (2020): 26 April to 2 May  and 26 –28 September 2012;https://doi.org/10.14509/30138
US;WESTFORK;;2012;;WF1;;01.10.2011;;nan;29.04.2012;;nan;nan;nan;63.605244;-147.079419;1971.166;nan;0.82742;;nan;;;winter;Dates estimated from Bliss et al. (2020): 26 April to 2 May  and 26 –28 September 2012;https://doi.org/10.14509/30138
US;WESTFORK;;2012;;WF2;;01.10.2011;;nan;27.09.2012;;nan;nan;nan;63.543695;-147.170405;1504.835;nan;-0.9828;;nan;;;annual;Dates estimated from Bliss et al. (2020): 26 April to 2 May  and 26 –28 September 2012;https://doi.org/10.14509/30138
US;WESTFORK;;2012;;WF2;;01.10.2011;;nan;29.04.2012;;nan;nan;nan;63.543695;-147.170405;1504.835;nan;1.023861;;nan;;;winter;Dates estimated from Bliss et al. (2020): 26 April to 2 May  and 26 –28 September 2012;https://doi.org/10.14509/30138
US;WESTFORK;;2012;;WF2;;29.04.2012;;nan;27.09.2012;;nan;nan;nan;63.543695;-147.170405;1504.835;nan;-2.006661;;nan;;;summer;Dates estimated from Bliss et al. (2020): 26 April to 2 May  and 26 –28 September 2012;https://doi.org/10.14509/30138
US;WESTFORK;;2012;;WF4;;01.10.2011;;nan;27.09.2012;;nan;nan;nan;63.509133;-147.374325;1220.638;nan;-3.2319;;nan;;;annual;Dates estimated from Bliss et al. (2020): 26 April to 2 May  and 26 –28 September 2012;https://doi.org/10.14509/30138
US;WESTFORK;;2012;;WF4;;01.10.2011;;nan;29.04.2012;;nan;nan;nan;63.509133;-147.374325;1220.638;nan;0.558951;;nan;;;winter;Dates estimated from Bliss et al. (2020): 26 April to 2 May  and 26 –28 September 2012;https://doi.org/10.14509/30138
US;WESTFORK;;2012;;WF4;;29.04.2012;;nan;27.09.2012;;nan;nan;nan;63.509133;-147.374325;1220.638;nan;-3.790851;;nan;;;summer;Dates estimated from Bliss et al. (2020): 26 April to 2 May  and 26 –28 September 2012;https://doi.org/10.14509/30138
US;WESTFORK;;2012;;WF5;;01.10.2011;;nan;27.09.2012;;nan;nan;nan;63.486549;-147.448925;1122.644;nan;-2.979;;nan;;;annual;Dates estimated from Bliss et al. (2020): 26 April to 2 May  and 26 –28 September 2012;https://doi.org/10.14509/30138
US;WESTFORK;;2012;;WF5;;01.10.2011;;nan;29.04.2012;;nan;nan;nan;63.486549;-147.448925;1122.644;nan;0.620638;;nan;;;winter;Dates estimated from Bliss et al. (2020): 26 April to 2 May  and 26 –28 September 2012;https://doi.org/10.14509/30138
US;WESTFORK;;2012;;WF5;;29.04.2012;;nan;27.09.2012;;nan;nan;nan;63.486549;-147.448925;1122.644;nan;-3.599638;;nan;;;summer;Dates estimated from Bliss et al. (2020): 26 April to 2 May  and 26 –28 September 2012;https://doi.org/10.14509/30138
US;WESTFORK;;2012;;WF6;;01.10.2011;;nan;27.09.2012;;nan;nan;nan;63.461137;-147.493921;1024.58;nan;-3.9294;;nan;;;annual;Dates estimated from Bliss et al. (2020): 26 April to 2 May  and 26 –28 September 2012;https://doi.org/10.14509/30138
US;WESTFORK;;2012;;WF6;;01.10.2011;;nan;29.04.2012;;nan;nan;nan;63.461137;-147.493921;1024.58;nan;0.44369;;nan;;;winter;Dates estimated from Bliss et al. (2020): 26 April to 2 May  and 26 –28 September 2012;https://doi.org/10.14509/30138
US;WESTFORK;;2012;;WF6;;29.04.2012;;nan;27.09.2012;;nan;nan;nan;63.461137;-147.493921;1024.58;nan;-4.37309;;nan;;;summer;Dates estimated from Bliss et al. (2020): 26 April to 2 May  and 26 –28 September 2012;https://doi.org/10.14509/30138
US;WESTFORK;;2012;;WFNorth;;01.10.2011;;nan;29.04.2012;;nan;nan;nan;63.585815;-147.278316;1637.726;nan;0.821583;;nan;;;winter;Dates estimated from Bliss et al. (2020): 26 April to 2 May  and 26 –28 September 2012;https://doi.org/10.14509/30138
US;WESTFORK;;2012;;WFSouth;;01.10.2011;;nan;29.04.2012;;nan;nan;nan;63.501098;-147.239445;1727.333;nan;1.028085;;nan;;;winter;Dates estimated from Bliss et al. (2020): 26 April to 2 May  and 26 –28 September 2012;https://doi.org/10.14509/30138
US;WESTFORK;;2012;;WFTranA;;01.10.2011;;nan;29.04.2012;;nan;nan;nan;63.5368;-147.240852;1408.626;nan;0.803672;;nan;;;winter;Dates estimated from Bliss et al. (2020): 26 April to 2 May  and 26 –28 September 2012;https://doi.org/10.14509/30138
US;WESTFORK;;2012;;WFTranB;;01.10.2011;;nan;27.09.2012;;nan;nan;nan;63.528697;-147.236571;1413.139;nan;-1.7145;;nan;;;annual;Dates estimated from Bliss et al. (2020): 26 April to 2 May  and 26 –28 September 2012;https://doi.org/10.14509/30138
US;WESTFORK;;2012;;WFTranB;;01.10.2011;;nan;29.04.2012;;nan;nan;nan;63.528697;-147.236571;1413.139;nan;0.810751;;nan;;;winter;Dates estimated from Bliss et al. (2020): 26 April to 2 May  and 26 –28 September 2012;https://doi.org/10.14509/30138
US;WESTFORK;;2012;;WFTranB;;29.04.2012;;nan;27.09.2012;;nan;nan;nan;63.528697;-147.236571;1413.139;nan;-2.525251;;nan;;;summer;Dates estimated from Bliss et al. (2020): 26 April to 2 May  and 26 –28 September 2012;https://doi.org/10.14509/30138
US;WESTFORK;;2012;;WFTranC;;01.10.2011;;nan;29.04.2012;;nan;nan;nan;63.522346;-147.225642;1402.217;nan;0.82742;;nan;;;winter;Dates estimated from Bliss et al. (2020): 26 April to 2 May  and 26 –28 September 2012;https://doi.org/10.14509/30138
US;SUSITNA;;2012;;NWTrib1;;01.10.2011;;nan;29.04.2012;;nan;nan;nan;63.597556;-146.985831;2075;nan;1.986921;;nan;;;winter;Dates estimated from Bliss et al. (2020): 26 April to 2 May  and 26 –28 September 2012;https://doi.org/10.14509/30138
US;SUSITNA;;2012;;NWTrib2;;01.10.2011;;nan;27.09.2012;;nan;nan;nan;63.553695;-146.9418;1411;nan;-2.565;;nan;;;annual;Dates estimated from Bliss et al. (2020): 26 April to 2 May  and 26 –28 September 2012;https://doi.org/10.14509/30138
US;SUSITNA;;2012;;NWTrib2;;01.10.2011;;nan;29.04.2012;;nan;nan;nan;63.553695;-146.9418;1411;nan;0.494445;;nan;;;winter;Dates estimated from Bliss et al. (2020): 26 April to 2 May  and 26 –28 September 2012;https://doi.org/10.14509/30138
US;SUSITNA;;2012;;NWTrib2;;29.04.2012;;nan;27.09.2012;;nan;nan;nan;63.553695;-146.9418;1411;nan;-3.059445;;nan;;;summer;Dates estimated from Bliss et al. (2020): 26 April to 2 May  and 26 –28 September 2012;https://doi.org/10.14509/30138
US;EASTFORK;;2013;;EF1;;27.09.2012;;nan;10.09.2013;;nan;nan;nan;63.435812;-146.596126;2133.089;nan;0.52;;nan;;;annual;Dates estimated from Bliss et al. (2020): 15-21 April  and 6 –15 September 2013;https://doi.org/10.14509/30138
US;EASTFORK;;2013;;EF1;;27.09.2012;;nan;18.04.2013;;nan;nan;nan;63.435812;-146.596126;2133.089;nan;1.236611;;nan;;;winter;Dates estimated from Bliss et al. (2020): 15-21 April  and 6 –15 September 2013;https://doi.org/10.14509/30138
US;EASTFORK;;2013;;EF1;;18.04.2013;;nan;10.09.2013;;nan;nan;nan;63.435812;-146.596126;2133.089;nan;-0.716611;;nan;;;summer;Dates estimated from Bliss et al. (2020): 15-21 April  and 6 –15 September 2013;https://doi.org/10.14509/30138
US;EASTFORK;;2013;;EF2;;27.09.2012;;nan;10.09.2013;;nan;nan;nan;63.435894;-146.781671;1328.113;nan;-4.349769;;nan;;;annual;Dates estimated from Bliss et al. (2020): 15-21 April  and 6 –15 September 2013;https://doi.org/10.14509/30138
US;EASTFORK;;2013;;EF2;;27.09.2012;;nan;18.04.2013;;nan;nan;nan;63.435894;-146.781671;1328.113;nan;0.460628;;nan;;;winter;Dates estimated from Bliss et al. (2020): 15-21 April  and 6 –15 September 2013;https://doi.org/10.14509/30138
US;EASTFORK;;2013;;EF2;;18.04.2013;;nan;10.09.2013;;nan;nan;nan;63.435894;-146.781671;1328.113;nan;-4.810398;;nan;;;summer;Dates estimated from Bliss et al. (2020): 15-21 April  and 6 –15 September 2013;https://doi.org/10.14509/30138
US;EASTFORK;;2013;;EF3;;27.09.2012;;nan;10.09.2013;;nan;nan;nan;63.412699;-146.811411;1073.249;nan;-5.492864;;nan;;;annual;Dates estimated from Bliss et al. (2020): 15-21 April  and 6 –15 September 2013;https://doi.org/10.14509/30138
US;EASTFORK;;2013;;EF3;;27.09.2012;;nan;18.04.2013;;nan;nan;nan;63.412699;-146.811411;1073.249;nan;0.258577;;nan;;;winter;Dates estimated from Bliss et al. (2020): 15-21 April  and 6 –15 September 2013;https://doi.org/10.14509/30138
US;EASTFORK;;2013;;EF3;;18.04.2013;;nan;10.09.2013;;nan;nan;nan;63.412699;-146.811411;1073.249;nan;-5.75144;;nan;;;summer;Dates estimated from Bliss et al. (2020): 15-21 April  and 6 –15 September 2013;https://doi.org/10.14509/30138
US;MACLAREN;;2013;;MAC1;;27.09.2012;;nan;10.09.2013;;nan;nan;nan;63.416023;-146.598713;2103.941;nan;0.57;;nan;;;annual;Dates estimated from Bliss et al. (2020): 15-21 April  and 6 –15 September 2013;https://doi.org/10.14509/30138
US;MACLAREN;;2013;;MAC1;;27.09.2012;;nan;18.04.2013;;nan;nan;nan;63.416023;-146.598713;2103.941;nan;1.302302;;nan;;;winter;Dates estimated from Bliss et al. (2020): 15-21 April  and 6 –15 September 2013;https://doi.org/10.14509/30138
US;MACLAREN;;2013;;MAC1;;18.04.2013;;nan;10.09.2013;;nan;nan;nan;63.416023;-146.598713;2103.941;nan;-0.732302;;nan;;;summer;Dates estimated from Bliss et al. (2020): 15-21 April  and 6 –15 September 2013;https://doi.org/10.14509/30138
US;MACLAREN;;2013;;MAC2;;27.09.2012;;nan;10.09.2013;;nan;nan;nan;63.354984;-146.549776;1396.162;nan;-3.4704;;nan;;;annual;Dates estimated from Bliss et al. (2020): 15-21 April  and 6 –15 September 2013;https://doi.org/10.14509/30138
US;MACLAREN;;2013;;MAC2;;27.09.2012;;nan;18.04.2013;;nan;nan;nan;63.354984;-146.549776;1396.162;nan;0.893178;;nan;;;winter;Dates estimated from Bliss et al. (2020): 15-21 April  and 6 –15 September 2013;https://doi.org/10.14509/30138
US;MACLAREN;;2013;;MAC2;;18.04.2013;;nan;10.09.2013;;nan;nan;nan;63.354984;-146.549776;1396.162;nan;-4.363578;;nan;;;summer;Dates estimated from Bliss et al. (2020): 15-21 April  and 6 –15 September 2013;https://doi.org/10.14509/30138
US;MACLAREN;;2013;;MAC3;;27.09.2012;;nan;10.09.2013;;nan;nan;nan;63.305365;-146.527406;1018.191;nan;-4.946625;;nan;;;annual;Dates estimated from Bliss et al. (2020): 15-21 April  and 6 –15 September 2013;https://doi.org/10.14509/30138
US;MACLAREN;;2013;;MAC3;;27.09.2012;;nan;18.04.2013;;nan;nan;nan;63.305365;-146.527406;1018.191;nan;0.459491;;nan;;;winter;Dates estimated from Bliss et al. (2020): 15-21 April  and 6 –15 September 2013;https://doi.org/10.14509/30138
US;MACLAREN;;2013;;MAC3;;18.04.2013;;nan;10.09.2013;;nan;nan;nan;63.305365;-146.527406;1018.191;nan;-5.406116;;nan;;;summer;Dates estimated from Bliss et al. (2020): 15-21 April  and 6 –15 September 2013;https://doi.org/10.14509/30138
US;SUSITNA;;2013;;SU1;;27.09.2012;;nan;10.09.2013;;nan;nan;nan;63.492879;-146.616537;1857.641;nan;-0.2385;;nan;;;annual;Dates estimated from Bliss et al. (2020): 15-21 April  and 6 –15 September 2013;https://doi.org/10.14509/30138
US;SUSITNA;;2013;;SU1;;27.09.2012;;nan;18.04.2013;;nan;nan;nan;63.492879;-146.616537;1857.641;nan;1.004311;;nan;;;winter;Dates estimated from Bliss et al. (2020): 15-21 April  and 6 –15 September 2013;https://doi.org/10.14509/30138
US;SUSITNA;;2013;;SU1;;18.04.2013;;nan;10.09.2013;;nan;nan;nan;63.492879;-146.616537;1857.641;nan;-1.242811;;nan;;;summer;Dates estimated from Bliss et al. (2020): 15-21 April  and 6 –15 September 2013;https://doi.org/10.14509/30138
US;SUSITNA;;2013;;SU1South;;27.09.2012;;nan;10.09.2013;;nan;nan;nan;63.474266;-146.704809;1958.253;nan;-0.038333;;nan;;;annual;Dates estimated from Bliss et al. (2020): 15-21 April  and 6 –15 September 2013;https://doi.org/10.14509/30138
US;SUSITNA;;2013;;SU1South;;27.09.2012;;nan;18.04.2013;;nan;nan;nan;63.474266;-146.704809;1958.253;nan;0.948071;;nan;;;winter;Dates estimated from Bliss et al. (2020): 15-21 April  and 6 –15 September 2013;https://doi.org/10.14509/30138
US;SUSITNA;;2013;;SU1South;;18.04.2013;;nan;10.09.2013;;nan;nan;nan;63.474266;-146.704809;1958.253;nan;-0.986405;;nan;;;summer;Dates estimated from Bliss et al. (2020): 15-21 April  and 6 –15 September 2013;https://doi.org/10.14509/30138
US;SUSITNA;;2013;;SU2;;27.09.2012;;nan;10.09.2013;;nan;nan;nan;63.510669;-146.744172;1512.611;nan;-1.7046;;nan;;;annual;Dates estimated from Bliss et al. (2020): 15-21 April  and 6 –15 September 2013;https://doi.org/10.14509/30138
US;SUSITNA;;2013;;SU2;;27.09.2012;;nan;18.04.2013;;nan;nan;nan;63.510669;-146.744172;1512.611;nan;0.417555;;nan;;;winter;Dates estimated from Bliss et al. (2020): 15-21 April  and 6 –15 September 2013;https://doi.org/10.14509/30138
US;SUSITNA;;2013;;SU2;;18.04.2013;;nan;10.09.2013;;nan;nan;nan;63.510669;-146.744172;1512.611;nan;-2.122155;;nan;;;summer;Dates estimated from Bliss et al. (2020): 15-21 April  and 6 –15 September 2013;https://doi.org/10.14509/30138
US;SUSITNA;;2013;;SU3;;27.09.2012;;nan;10.09.2013;;nan;nan;nan;63.51162;-146.88699;1245.242;nan;-4.5414;;nan;;;annual;Dates estimated from Bliss et al. (2020): 15-21 April  and 6 –15 September 2013;https://doi.org/10.14509/30138
US;SUSITNA;;2013;;SU3;;27.09.2012;;nan;18.04.2013;;nan;nan;nan;63.51162;-146.88699;1245.242;nan;0.31284;;nan;;;winter;Dates estimated from Bliss et al. (2020): 15-21 April  and 6 –15 September 2013;https://doi.org/10.14509/30138
US;SUSITNA;;2013;;SU3;;18.04.2013;;nan;10.09.2013;;nan;nan;nan;63.51162;-146.88699;1245.242;nan;-4.85424;;nan;;;summer;Dates estimated from Bliss et al. (2020): 15-21 April  and 6 –15 September 2013;https://doi.org/10.14509/30138
US;SUSITNA;;2013;;SU4;;27.09.2012;;nan;10.09.2013;;nan;nan;nan;63.501697;-147.021301;1040.803;nan;-2.817;;nan;;;annual;Dates estimated from Bliss et al. (2020): 15-21 April  and 6 –15 September 2013;https://doi.org/10.14509/30138
US;SUSITNA;;2013;;SU4;;27.09.2012;;nan;18.04.2013;;nan;nan;nan;63.501697;-147.021301;1040.803;nan;0.22212;;nan;;;winter;Dates estimated from Bliss et al. (2020): 15-21 April  and 6 –15 September 2013;https://doi.org/10.14509/30138
US;SUSITNA;;2013;;SU4;;18.04.2013;;nan;10.09.2013;;nan;nan;nan;63.501697;-147.021301;1040.803;nan;-3.03912;;nan;;;summer;Dates estimated from Bliss et al. (2020): 15-21 April  and 6 –15 September 2013;https://doi.org/10.14509/30138
US;SUSITNA;;2013;;TURKEY1;;18.04.2013;;nan;10.09.2013;;nan;nan;nan;63.585423;-146.751347;2157;nan;0.515976;;nan;;;winter;Dates estimated from Bliss et al. (2020): 15-21 April  and 6 –15 September 2013;https://doi.org/10.14509/30138
US;SUSITNA;;2013;;TURKEY2;;27.09.2012;;nan;10.09.2013;;nan;nan;nan;63.542854;-146.739829;1728;nan;-2.5659;;nan;;;annual;Dates estimated from Bliss et al. (2020): 15-21 April  and 6 –15 September 2013;https://doi.org/10.14509/30138
US;SUSITNA;;2013;;TURKEY2;;27.09.2012;;nan;18.04.2013;;nan;nan;nan;63.542854;-146.739829;1728;nan;0.468556;;nan;;;winter;Dates estimated from Bliss et al. (2020): 15-21 April  and 6 –15 September 2013;https://doi.org/10.14509/30138
US;SUSITNA;;2013;;TURKEY2;;18.04.2013;;nan;10.09.2013;;nan;nan;nan;63.542854;-146.739829;1728;nan;-3.034456;;nan;;;summer;Dates estimated from Bliss et al. (2020): 15-21 April  and 6 –15 September 2013;https://doi.org/10.14509/30138
US;WESTFORK;;2013;;WF2;;27.09.2012;;nan;10.09.2013;;nan;nan;nan;63.543695;-147.170405;1504.835;nan;-2.5578;;nan;;;annual;Dates estimated from Bliss et al. (2020): 15-21 April  and 6 –15 September 2013;https://doi.org/10.14509/30138
US;WESTFORK;;2013;;WF2;;27.09.2012;;nan;18.04.2013;;nan;nan;nan;63.543695;-147.170405;1504.835;nan;0.678753;;nan;;;winter;Dates estimated from Bliss et al. (2020): 15-21 April  and 6 –15 September 2013;https://doi.org/10.14509/30138
US;WESTFORK;;2013;;WF2;;18.04.2013;;nan;10.09.2013;;nan;nan;nan;63.543695;-147.170405;1504.835;nan;-3.236553;;nan;;;summer;Dates estimated from Bliss et al. (2020): 15-21 April  and 6 –15 September 2013;https://doi.org/10.14509/30138
US;WESTFORK;;2013;;WF4;;27.09.2012;;nan;10.09.2013;;nan;nan;nan;63.509133;-147.374325;1220.638;nan;-3.916;;nan;;;annual;Dates estimated from Bliss et al. (2020): 15-21 April  and 6 –15 September 2013;https://doi.org/10.14509/30138
US;WESTFORK;;2013;;WF4;;27.09.2012;;nan;18.04.2013;;nan;nan;nan;63.509133;-147.374325;1220.638;nan;0.432763;;nan;;;winter;Dates estimated from Bliss et al. (2020): 15-21 April  and 6 –15 September 2013;https://doi.org/10.14509/30138
US;WESTFORK;;2013;;WF4;;18.04.2013;;nan;10.09.2013;;nan;nan;nan;63.509133;-147.374325;1220.638;nan;-4.348763;;nan;;;summer;Dates estimated from Bliss et al. (2020): 15-21 April  and 6 –15 September 2013;https://doi.org/10.14509/30138
US;WESTFORK;;2013;;WF5;;27.09.2012;;nan;10.09.2013;;nan;nan;nan;63.486549;-147.448925;1122.644;nan;-3.7269;;nan;;;annual;Dates estimated from Bliss et al. (2020): 15-21 April  and 6 –15 September 2013;https://doi.org/10.14509/30138
US;WESTFORK;;2013;;WF5;;27.09.2012;;nan;18.04.2013;;nan;nan;nan;63.486549;-147.448925;1122.644;nan;0.519257;;nan;;;winter;Dates estimated from Bliss et al. (2020): 15-21 April  and 6 –15 September 2013;https://doi.org/10.14509/30138
US;WESTFORK;;2013;;WF5;;18.04.2013;;nan;10.09.2013;;nan;nan;nan;63.486549;-147.448925;1122.644;nan;-4.246157;;nan;;;summer;Dates estimated from Bliss et al. (2020): 15-21 April  and 6 –15 September 2013;https://doi.org/10.14509/30138
US;WESTFORK;;2013;;WF6;;27.09.2012;;nan;10.09.2013;;nan;nan;nan;63.461137;-147.493921;1024.58;nan;-4.7079;;nan;;;annual;Dates estimated from Bliss et al. (2020): 15-21 April  and 6 –15 September 2013;https://doi.org/10.14509/30138
US;WESTFORK;;2013;;WF6;;27.09.2012;;nan;18.04.2013;;nan;nan;nan;63.461137;-147.493921;1024.58;nan;0.304377;;nan;;;winter;Dates estimated from Bliss et al. (2020): 15-21 April  and 6 –15 September 2013;https://doi.org/10.14509/30138
US;WESTFORK;;2013;;WF6;;18.04.2013;;nan;10.09.2013;;nan;nan;nan;63.461137;-147.493921;1024.58;nan;-5.012277;;nan;;;summer;Dates estimated from Bliss et al. (2020): 15-21 April  and 6 –15 September 2013;https://doi.org/10.14509/30138
US;WESTFORK;;2013;;WFNorth;;27.09.2012;;nan;10.09.2013;;nan;nan;nan;63.585815;-147.278316;1637.726;nan;-2.082;;nan;;;annual;Dates estimated from Bliss et al. (2020): 15-21 April  and 6 –15 September 2013;https://doi.org/10.14509/30138
US;WESTFORK;;2013;;WFNorth;;27.09.2012;;nan;18.04.2013;;nan;nan;nan;63.585815;-147.278316;1637.726;nan;0.933585;;nan;;;winter;Dates estimated from Bliss et al. (2020): 15-21 April  and 6 –15 September 2013;https://doi.org/10.14509/30138
US;WESTFORK;;2013;;WFNorth;;18.04.2013;;nan;10.09.2013;;nan;nan;nan;63.585815;-147.278316;1637.726;nan;-3.015585;;nan;;;summer;Dates estimated from Bliss et al. (2020): 15-21 April  and 6 –15 September 2013;https://doi.org/10.14509/30138
US;WESTFORK;;2013;;WFSouth;;27.09.2012;;nan;10.09.2013;;nan;nan;nan;63.501098;-147.239445;1727.333;nan;-0.7119;;nan;;;annual;Dates estimated from Bliss et al. (2020): 15-21 April  and 6 –15 September 2013;https://doi.org/10.14509/30138
US;WESTFORK;;2013;;WFSouth;;27.09.2012;;nan;18.04.2013;;nan;nan;nan;63.501098;-147.239445;1727.333;nan;1.029855;;nan;;;winter;Dates estimated from Bliss et al. (2020): 15-21 April  and 6 –15 September 2013;https://doi.org/10.14509/30138
US;WESTFORK;;2013;;WFSouth;;18.04.2013;;nan;10.09.2013;;nan;nan;nan;63.501098;-147.239445;1727.333;nan;-1.741755;;nan;;;summer;Dates estimated from Bliss et al. (2020): 15-21 April  and 6 –15 September 2013;https://doi.org/10.14509/30138
US;WESTFORK;;2013;;WFTranA;;27.09.2012;;nan;10.09.2013;;nan;nan;nan;63.5368;-147.240852;1408.626;nan;-3.582;;nan;;;annual;Dates estimated from Bliss et al. (2020): 15-21 April  and 6 –15 September 2013;https://doi.org/10.14509/30138
US;WESTFORK;;2013;;WFTranA;;27.09.2012;;nan;18.04.2013;;nan;nan;nan;63.5368;-147.240852;1408.626;nan;0.567333;;nan;;;winter;Dates estimated from Bliss et al. (2020): 15-21 April  and 6 –15 September 2013;https://doi.org/10.14509/30138
US;WESTFORK;;2013;;WFTranA;;18.04.2013;;nan;10.09.2013;;nan;nan;nan;63.5368;-147.240852;1408.626;nan;-4.149333;;nan;;;summer;Dates estimated from Bliss et al. (2020): 15-21 April  and 6 –15 September 2013;https://doi.org/10.14509/30138
US;WESTFORK;;2013;;WFTranB;;27.09.2012;;nan;10.09.2013;;nan;nan;nan;63.528697;-147.236571;1413.139;nan;-2.52;;nan;;;annual;Dates estimated from Bliss et al. (2020): 15-21 April  and 6 –15 September 2013;https://doi.org/10.14509/30138
US;WESTFORK;;2013;;WFTranB;;27.09.2012;;nan;18.04.2013;;nan;nan;nan;63.528697;-147.236571;1413.139;nan;0.664397;;nan;;;winter;Dates estimated from Bliss et al. (2020): 15-21 April  and 6 –15 September 2013;https://doi.org/10.14509/30138
US;WESTFORK;;2013;;WFTranB;;18.04.2013;;nan;10.09.2013;;nan;nan;nan;63.528697;-147.236571;1413.139;nan;-3.184397;;nan;;;summer;Dates estimated from Bliss et al. (2020): 15-21 April  and 6 –15 September 2013;https://doi.org/10.14509/30138
US;WESTFORK;;2013;;WFTranC;;27.09.2012;;nan;10.09.2013;;nan;nan;nan;63.522346;-147.225642;1402.217;nan;-3.321;;nan;;;annual;Dates estimated from Bliss et al. (2020): 15-21 April  and 6 –15 September 2013;https://doi.org/10.14509/30138
US;WESTFORK;;2013;;WFTranC;;27.09.2012;;nan;18.04.2013;;nan;nan;nan;63.522346;-147.225642;1402.217;nan;0.626818;;nan;;;winter;Dates estimated from Bliss et al. (2020): 15-21 April  and 6 –15 September 2013;https://doi.org/10.14509/30138
US;WESTFORK;;2013;;WFTranC;;18.04.2013;;nan;10.09.2013;;nan;nan;nan;63.522346;-147.225642;1402.217;nan;-3.947818;;nan;;;summer;Dates estimated from Bliss et al. (2020): 15-21 April  and 6 –15 September 2013;https://doi.org/10.14509/30138
US;SUSITNA;;2013;;NWTrib1;;27.09.2012;;nan;10.09.2013;;nan;nan;nan;63.597556;-146.985831;2075;nan;-0.175;;nan;;;annual;Dates estimated from Bliss et al. (2020): 15-21 April  and 6 –15 September 2013;https://doi.org/10.14509/30138
US;SUSITNA;;2013;;NWTrib1;;27.09.2012;;nan;18.04.2013;;nan;nan;nan;63.597556;-146.985831;2075;nan;0.875934;;nan;;;winter;Dates estimated from Bliss et al. (2020): 15-21 April  and 6 –15 September 2013;https://doi.org/10.14509/30138
US;SUSITNA;;2013;;NWTrib1;;18.04.2013;;nan;10.09.2013;;nan;nan;nan;63.597556;-146.985831;2075;nan;-1.050934;;nan;;;summer;Dates estimated from Bliss et al. (2020): 15-21 April  and 6 –15 September 2013;https://doi.org/10.14509/30138
US;SUSITNA;;2013;;NWTrib2;;27.09.2012;;nan;10.09.2013;;nan;nan;nan;63.553695;-146.9418;1411;nan;-4.1265;;nan;;;annual;Dates estimated from Bliss et al. (2020): 15-21 April  and 6 –15 September 2013;https://doi.org/10.14509/30138
US;SUSITNA;;2013;;NWTrib2;;27.09.2012;;nan;18.04.2013;;nan;nan;nan;63.553695;-146.9418;1411;nan;0.371599;;nan;;;winter;Dates estimated from Bliss et al. (2020): 15-21 April  and 6 –15 September 2013;https://doi.org/10.14509/30138
US;SUSITNA;;2013;;NWTrib2;;18.04.2013;;nan;10.09.2013;;nan;nan;nan;63.553695;-146.9418;1411;nan;-4.498099;;nan;;;summer;Dates estimated from Bliss et al. (2020): 15-21 April  and 6 –15 September 2013;https://doi.org/10.14509/30138
US;EUREKA;;2013;;EU1;;27.09.2012;;nan;10.09.2013;;nan;nan;nan;63.341735;-146.362291;1417;nan;-3.3057;;nan;;;annual;Dates estimated from Bliss et al. (2020): 15-21 April  and 6 –15 September 2013;https://doi.org/10.14509/30138
US;EUREKA;;2013;;EU1;;27.09.2012;;nan;18.04.2013;;nan;nan;nan;63.341735;-146.362291;1417;nan;0.668926;;nan;;;winter;Dates estimated from Bliss et al. (2020): 15-21 April  and 6 –15 September 2013;https://doi.org/10.14509/30138
US;EUREKA;;2013;;EU1;;18.04.2013;;nan;10.09.2013;;nan;nan;nan;63.341735;-146.362291;1417;nan;-3.974626;;nan;;;summer;Dates estimated from Bliss et al. (2020): 15-21 April  and 6 –15 September 2013;https://doi.org/10.14509/30138
US;EASTFORK;;2014;;EF1;;10.09.2013;;nan;08.09.2014;;nan;nan;nan;63.435812;-146.596126;2133.089;nan;0.805;;nan;;;annual;Dates estimated from Bliss et al. (2020): 22-27 April  and 7 –9 September 2014;https://doi.org/10.14509/30138
US;EASTFORK;;2014;;EF1;;10.09.2013;;nan;24.04.2014;;nan;nan;nan;63.435812;-146.596126;2133.089;nan;1.674102;;nan;;;winter;Dates estimated from Bliss et al. (2020): 22-27 April  and 7 –9 September 2014;https://doi.org/10.14509/30138
US;EASTFORK;;2014;;EF1;;24.04.2014;;nan;08.09.2014;;nan;nan;nan;63.435812;-146.596126;2133.089;nan;-0.869102;;nan;;;summer;Dates estimated from Bliss et al. (2020): 22-27 April  and 7 –9 September 2014;https://doi.org/10.14509/30138
US;EASTFORK;;2014;;EF2;;10.09.2013;;nan;08.09.2014;;nan;nan;nan;63.435894;-146.781671;1328.113;nan;-2.826;;nan;;;annual;Dates estimated from Bliss et al. (2020): 22-27 April  and 7 –9 September 2014;https://doi.org/10.14509/30138
US;EASTFORK;;2014;;EF2;;10.09.2013;;nan;24.04.2014;;nan;nan;nan;63.435894;-146.781671;1328.113;nan;0.375891;;nan;;;winter;Dates estimated from Bliss et al. (2020): 22-27 April  and 7 –9 September 2014;https://doi.org/10.14509/30138
US;EASTFORK;;2014;;EF2;;24.04.2014;;nan;08.09.2014;;nan;nan;nan;63.435894;-146.781671;1328.113;nan;-3.201891;;nan;;;summer;Dates estimated from Bliss et al. (2020): 22-27 April  and 7 –9 September 2014;https://doi.org/10.14509/30138
US;EASTFORK;;2014;;EF3;;10.09.2013;;nan;08.09.2014;;nan;nan;nan;63.412699;-146.811411;1073.249;nan;-4.6665;;nan;;;annual;Dates estimated from Bliss et al. (2020): 22-27 April  and 7 –9 September 2014;https://doi.org/10.14509/30138
US;EASTFORK;;2014;;EF3;;10.09.2013;;nan;24.04.2014;;nan;nan;nan;63.412699;-146.811411;1073.249;nan;0.023998;;nan;;;winter;Dates estimated from Bliss et al. (2020): 22-27 April  and 7 –9 September 2014;https://doi.org/10.14509/30138
US;EASTFORK;;2014;;EF3;;24.04.2014;;nan;08.09.2014;;nan;nan;nan;63.412699;-146.811411;1073.249;nan;-4.690498;;nan;;;summer;Dates estimated from Bliss et al. (2020): 22-27 April  and 7 –9 September 2014;https://doi.org/10.14509/30138
US;MACLAREN;;2014;;MAC1;;10.09.2013;;nan;08.09.2014;;nan;nan;nan;63.416023;-146.598713;2103.941;nan;0.6075;;nan;;;annual;Dates estimated from Bliss et al. (2020): 22-27 April  and 7 –9 September 2014;https://doi.org/10.14509/30138
US;MACLAREN;;2014;;MAC1;;10.09.2013;;nan;24.04.2014;;nan;nan;nan;63.416023;-146.598713;2103.941;nan;1.032998;;nan;;;winter;Dates estimated from Bliss et al. (2020): 22-27 April  and 7 –9 September 2014;https://doi.org/10.14509/30138
US;MACLAREN;;2014;;MAC1;;24.04.2014;;nan;08.09.2014;;nan;nan;nan;63.416023;-146.598713;2103.941;nan;-0.425498;;nan;;;summer;Dates estimated from Bliss et al. (2020): 22-27 April  and 7 –9 September 2014;https://doi.org/10.14509/30138
US;MACLAREN;;2014;;MAC2;;10.09.2013;;nan;08.09.2014;;nan;nan;nan;63.354984;-146.549776;1396.162;nan;-1.656;;nan;;;annual;Dates estimated from Bliss et al. (2020): 22-27 April  and 7 –9 September 2014;https://doi.org/10.14509/30138
US;MACLAREN;;2014;;MAC2;;10.09.2013;;nan;24.04.2014;;nan;nan;nan;63.354984;-146.549776;1396.162;nan;1.030743;;nan;;;winter;Dates estimated from Bliss et al. (2020): 22-27 April  and 7 –9 September 2014;https://doi.org/10.14509/30138
US;MACLAREN;;2014;;MAC2;;24.04.2014;;nan;08.09.2014;;nan;nan;nan;63.354984;-146.549776;1396.162;nan;-2.686743;;nan;;;summer;Dates estimated from Bliss et al. (2020): 22-27 April  and 7 –9 September 2014;https://doi.org/10.14509/30138
US;MACLAREN;;2014;;MAC3;;10.09.2013;;nan;08.09.2014;;nan;nan;nan;63.305365;-146.527406;1018.191;nan;-3.078;;nan;;;annual;Dates estimated from Bliss et al. (2020): 22-27 April  and 7 –9 September 2014;https://doi.org/10.14509/30138
US;MACLAREN;;2014;;MAC3;;10.09.2013;;nan;24.04.2014;;nan;nan;nan;63.305365;-146.527406;1018.191;nan;0.622824;;nan;;;winter;Dates estimated from Bliss et al. (2020): 22-27 April  and 7 –9 September 2014;https://doi.org/10.14509/30138
US;MACLAREN;;2014;;MAC3;;24.04.2014;;nan;08.09.2014;;nan;nan;nan;63.305365;-146.527406;1018.191;nan;-3.700824;;nan;;;summer;Dates estimated from Bliss et al. (2020): 22-27 April  and 7 –9 September 2014;https://doi.org/10.14509/30138
US;SUSITNA;;2014;;SU1;;10.09.2013;;nan;08.09.2014;;nan;nan;nan;63.492879;-146.616537;1857.641;nan;0.0825;;nan;;;annual;Dates estimated from Bliss et al. (2020): 22-27 April  and 7 –9 September 2014;https://doi.org/10.14509/30138
US;SUSITNA;;2014;;SU1;;10.09.2013;;nan;24.04.2014;;nan;nan;nan;63.492879;-146.616537;1857.641;nan;1.121515;;nan;;;winter;Dates estimated from Bliss et al. (2020): 22-27 April  and 7 –9 September 2014;https://doi.org/10.14509/30138
US;SUSITNA;;2014;;SU1;;24.04.2014;;nan;08.09.2014;;nan;nan;nan;63.492879;-146.616537;1857.641;nan;-1.039015;;nan;;;summer;Dates estimated from Bliss et al. (2020): 22-27 April  and 7 –9 September 2014;https://doi.org/10.14509/30138
US;SUSITNA;;2014;;SU1South;;10.09.2013;;nan;08.09.2014;;nan;nan;nan;63.474266;-146.704809;1958.253;nan;1.692;;nan;;;annual;Dates estimated from Bliss et al. (2020): 22-27 April  and 7 –9 September 2014;https://doi.org/10.14509/30138
US;SUSITNA;;2014;;SU1South;;10.09.2013;;nan;24.04.2014;;nan;nan;nan;63.474266;-146.704809;1958.253;nan;1.148981;;nan;;;winter;Dates estimated from Bliss et al. (2020): 22-27 April  and 7 –9 September 2014;https://doi.org/10.14509/30138
US;SUSITNA;;2014;;SU1South;;24.04.2014;;nan;08.09.2014;;nan;nan;nan;63.474266;-146.704809;1958.253;nan;0.543019;;nan;;;summer;Dates estimated from Bliss et al. (2020): 22-27 April  and 7 –9 September 2014;https://doi.org/10.14509/30138
US;SUSITNA;;2014;;SU2;;10.09.2013;;nan;08.09.2014;;nan;nan;nan;63.510669;-146.744172;1512.611;nan;-2.07;;nan;;;annual;Dates estimated from Bliss et al. (2020): 22-27 April  and 7 –9 September 2014;https://doi.org/10.14509/30138
US;SUSITNA;;2014;;SU2;;10.09.2013;;nan;24.04.2014;;nan;nan;nan;63.510669;-146.744172;1512.611;nan;0.449197;;nan;;;winter;Dates estimated from Bliss et al. (2020): 22-27 April  and 7 –9 September 2014;https://doi.org/10.14509/30138
US;SUSITNA;;2014;;SU2;;24.04.2014;;nan;08.09.2014;;nan;nan;nan;63.510669;-146.744172;1512.611;nan;-2.519197;;nan;;;summer;Dates estimated from Bliss et al. (2020): 22-27 April  and 7 –9 September 2014;https://doi.org/10.14509/30138
US;SUSITNA;;2014;;SU3;;10.09.2013;;nan;08.09.2014;;nan;nan;nan;63.51162;-146.88699;1245.242;nan;-3.2553;;nan;;;annual;Dates estimated from Bliss et al. (2020): 22-27 April  and 7 –9 September 2014;https://doi.org/10.14509/30138
US;SUSITNA;;2014;;SU3;;10.09.2013;;nan;24.04.2014;;nan;nan;nan;63.51162;-146.88699;1245.242;nan;0.41148;;nan;;;winter;Dates estimated from Bliss et al. (2020): 22-27 April  and 7 –9 September 2014;https://doi.org/10.14509/30138
US;SUSITNA;;2014;;SU3;;24.04.2014;;nan;08.09.2014;;nan;nan;nan;63.51162;-146.88699;1245.242;nan;-3.66678;;nan;;;summer;Dates estimated from Bliss et al. (2020): 22-27 April  and 7 –9 September 2014;https://doi.org/10.14509/30138
US;SUSITNA;;2014;;SU4;;10.09.2013;;nan;08.09.2014;;nan;nan;nan;63.501697;-147.021301;1040.803;nan;-3.996;;nan;;;annual;Dates estimated from Bliss et al. (2020): 22-27 April  and 7 –9 September 2014;https://doi.org/10.14509/30138
US;SUSITNA;;2014;;SU4;;10.09.2013;;nan;24.04.2014;;nan;nan;nan;63.501697;-147.021301;1040.803;nan;0.137787;;nan;;;winter;Dates estimated from Bliss et al. (2020): 22-27 April  and 7 –9 September 2014;https://doi.org/10.14509/30138
US;SUSITNA;;2014;;SU4;;24.04.2014;;nan;08.09.2014;;nan;nan;nan;63.501697;-147.021301;1040.803;nan;-4.133787;;nan;;;summer;Dates estimated from Bliss et al. (2020): 22-27 April  and 7 –9 September 2014;https://doi.org/10.14509/30138
US;SUSITNA;;2014;;SU5;;10.09.2013;;nan;08.09.2014;;nan;nan;nan;63.459747;-147.121457;907.54;nan;0;;nan;;;annual;Dates estimated from Bliss et al. (2020): 22-27 April  and 7 –9 September 2014;https://doi.org/10.14509/30138
US;SUSITNA;;2014;;TURKEY1;;10.09.2013;;nan;24.04.2014;;nan;nan;nan;63.585423;-146.751347;2157;nan;1.855395;;nan;;;winter;Dates estimated from Bliss et al. (2020): 22-27 April  and 7 –9 September 2014;https://doi.org/10.14509/30138
US;SUSITNA;;2014;;TURKEY2;;10.09.2013;;nan;08.09.2014;;nan;nan;nan;63.542854;-146.739829;1728;nan;-0.44;;nan;;;annual;Dates estimated from Bliss et al. (2020): 22-27 April  and 7 –9 September 2014;https://doi.org/10.14509/30138
US;SUSITNA;;2014;;TURKEY2;;10.09.2013;;nan;24.04.2014;;nan;nan;nan;63.542854;-146.739829;1728;nan;0.656153;;nan;;;winter;Dates estimated from Bliss et al. (2020): 22-27 April  and 7 –9 September 2014;https://doi.org/10.14509/30138
US;SUSITNA;;2014;;TURKEY2;;24.04.2014;;nan;08.09.2014;;nan;nan;nan;63.542854;-146.739829;1728;nan;-1.096153;;nan;;;summer;Dates estimated from Bliss et al. (2020): 22-27 April  and 7 –9 September 2014;https://doi.org/10.14509/30138
US;WESTFORK;;2014;;WF1;;10.09.2013;;nan;08.09.2014;;nan;nan;nan;63.605244;-147.079419;1971.166;nan;0.545;;nan;;;annual;Dates estimated from Bliss et al. (2020): 22-27 April  and 7 –9 September 2014;https://doi.org/10.14509/30138
US;WESTFORK;;2014;;WF1;;10.09.2013;;nan;24.04.2014;;nan;nan;nan;63.605244;-147.079419;1971.166;nan;1.855395;;nan;;;winter;Dates estimated from Bliss et al. (2020): 22-27 April  and 7 –9 September 2014;https://doi.org/10.14509/30138
US;WESTFORK;;2014;;WF1;;24.04.2014;;nan;08.09.2014;;nan;nan;nan;63.605244;-147.079419;1971.166;nan;-1.310395;;nan;;;summer;Dates estimated from Bliss et al. (2020): 22-27 April  and 7 –9 September 2014;https://doi.org/10.14509/30138
US;WESTFORK;;2014;;WF2;;10.09.2013;;nan;08.09.2014;;nan;nan;nan;63.543695;-147.170405;1504.835;nan;-1.035;;nan;;;annual;Dates estimated from Bliss et al. (2020): 22-27 April  and 7 –9 September 2014;https://doi.org/10.14509/30138
US;WESTFORK;;2014;;WF2;;10.09.2013;;nan;24.04.2014;;nan;nan;nan;63.543695;-147.170405;1504.835;nan;0.844354;;nan;;;winter;Dates estimated from Bliss et al. (2020): 22-27 April  and 7 –9 September 2014;https://doi.org/10.14509/30138
US;WESTFORK;;2014;;WF2;;24.04.2014;;nan;08.09.2014;;nan;nan;nan;63.543695;-147.170405;1504.835;nan;-1.879354;;nan;;;summer;Dates estimated from Bliss et al. (2020): 22-27 April  and 7 –9 September 2014;https://doi.org/10.14509/30138
US;WESTFORK;;2014;;WF4;;10.09.2013;;nan;08.09.2014;;nan;nan;nan;63.509133;-147.374325;1220.638;nan;-2.601;;nan;;;annual;Dates estimated from Bliss et al. (2020): 22-27 April  and 7 –9 September 2014;https://doi.org/10.14509/30138
US;WESTFORK;;2014;;WF4;;10.09.2013;;nan;24.04.2014;;nan;nan;nan;63.509133;-147.374325;1220.638;nan;0.508634;;nan;;;winter;Dates estimated from Bliss et al. (2020): 22-27 April  and 7 –9 September 2014;https://doi.org/10.14509/30138
US;WESTFORK;;2014;;WF4;;24.04.2014;;nan;08.09.2014;;nan;nan;nan;63.509133;-147.374325;1220.638;nan;-3.109634;;nan;;;summer;Dates estimated from Bliss et al. (2020): 22-27 April  and 7 –9 September 2014;https://doi.org/10.14509/30138
US;WESTFORK;;2014;;WF5;;10.09.2013;;nan;08.09.2014;;nan;nan;nan;63.486549;-147.448925;1122.644;nan;-3.48975;;nan;;;annual;Dates estimated from Bliss et al. (2020): 22-27 April  and 7 –9 September 2014;https://doi.org/10.14509/30138
US;WESTFORK;;2014;;WF5;;10.09.2013;;nan;24.04.2014;;nan;nan;nan;63.486549;-147.448925;1122.644;nan;0.497641;;nan;;;winter;Dates estimated from Bliss et al. (2020): 22-27 April  and 7 –9 September 2014;https://doi.org/10.14509/30138
US;WESTFORK;;2014;;WF5;;24.04.2014;;nan;08.09.2014;;nan;nan;nan;63.486549;-147.448925;1122.644;nan;-3.987391;;nan;;;summer;Dates estimated from Bliss et al. (2020): 22-27 April  and 7 –9 September 2014;https://doi.org/10.14509/30138
US;WESTFORK;;2014;;WF6;;10.09.2013;;nan;08.09.2014;;nan;nan;nan;63.461137;-147.493921;1024.58;nan;-3.492;;nan;;;annual;Dates estimated from Bliss et al. (2020): 22-27 April  and 7 –9 September 2014;https://doi.org/10.14509/30138
US;WESTFORK;;2014;;WF6;;10.09.2013;;nan;24.04.2014;;nan;nan;nan;63.461137;-147.493921;1024.58;nan;0.338296;;nan;;;winter;Dates estimated from Bliss et al. (2020): 22-27 April  and 7 –9 September 2014;https://doi.org/10.14509/30138
US;WESTFORK;;2014;;WF6;;24.04.2014;;nan;08.09.2014;;nan;nan;nan;63.461137;-147.493921;1024.58;nan;-3.830296;;nan;;;summer;Dates estimated from Bliss et al. (2020): 22-27 April  and 7 –9 September 2014;https://doi.org/10.14509/30138
US;WESTFORK;;2014;;WF7;;10.09.2013;;nan;08.09.2014;;nan;nan;nan;63.408383;-147.527687;874.343;nan;0;;nan;;;annual;Dates estimated from Bliss et al. (2020): 22-27 April  and 7 –9 September 2014;https://doi.org/10.14509/30138
US;WESTFORK;;2014;;WFNorth;;10.09.2013;;nan;08.09.2014;;nan;nan;nan;63.585815;-147.278316;1637.726;nan;-0.5904;;nan;;;annual;Dates estimated from Bliss et al. (2020): 22-27 April  and 7 –9 September 2014;https://doi.org/10.14509/30138
US;WESTFORK;;2014;;WFNorth;;10.09.2013;;nan;24.04.2014;;nan;nan;nan;63.585815;-147.278316;1637.726;nan;0.903161;;nan;;;winter;Dates estimated from Bliss et al. (2020): 22-27 April  and 7 –9 September 2014;https://doi.org/10.14509/30138
US;WESTFORK;;2014;;WFNorth;;24.04.2014;;nan;08.09.2014;;nan;nan;nan;63.585815;-147.278316;1637.726;nan;-1.493561;;nan;;;summer;Dates estimated from Bliss et al. (2020): 22-27 April  and 7 –9 September 2014;https://doi.org/10.14509/30138
US;WESTFORK;;2014;;WFSouth;;10.09.2013;;nan;08.09.2014;;nan;nan;nan;63.501098;-147.239445;1727.333;nan;0.1647;;nan;;;annual;Dates estimated from Bliss et al. (2020): 22-27 April  and 7 –9 September 2014;https://doi.org/10.14509/30138
US;WESTFORK;;2014;;WFSouth;;10.09.2013;;nan;24.04.2014;;nan;nan;nan;63.501098;-147.239445;1727.333;nan;1.194987;;nan;;;winter;Dates estimated from Bliss et al. (2020): 22-27 April  and 7 –9 September 2014;https://doi.org/10.14509/30138
US;WESTFORK;;2014;;WFSouth;;24.04.2014;;nan;08.09.2014;;nan;nan;nan;63.501098;-147.239445;1727.333;nan;-1.030287;;nan;;;summer;Dates estimated from Bliss et al. (2020): 22-27 April  and 7 –9 September 2014;https://doi.org/10.14509/30138
US;WESTFORK;;2014;;WFTranA;;10.09.2013;;nan;08.09.2014;;nan;nan;nan;63.5368;-147.240852;1408.626;nan;-1.5228;;nan;;;annual;Dates estimated from Bliss et al. (2020): 22-27 April  and 7 –9 September 2014;https://doi.org/10.14509/30138
US;WESTFORK;;2014;;WFTranA;;10.09.2013;;nan;24.04.2014;;nan;nan;nan;63.5368;-147.240852;1408.626;nan;0.677132;;nan;;;winter;Dates estimated from Bliss et al. (2020): 22-27 April  and 7 –9 September 2014;https://doi.org/10.14509/30138
US;WESTFORK;;2014;;WFTranA;;24.04.2014;;nan;08.09.2014;;nan;nan;nan;63.5368;-147.240852;1408.626;nan;-2.199932;;nan;;;summer;Dates estimated from Bliss et al. (2020): 22-27 April  and 7 –9 September 2014;https://doi.org/10.14509/30138
US;WESTFORK;;2014;;WFTranB;;10.09.2013;;nan;08.09.2014;;nan;nan;nan;63.528697;-147.236571;1413.139;nan;-1.494;;nan;;;annual;Dates estimated from Bliss et al. (2020): 22-27 April  and 7 –9 September 2014;https://doi.org/10.14509/30138
US;WESTFORK;;2014;;WFTranB;;10.09.2013;;nan;24.04.2014;;nan;nan;nan;63.528697;-147.236571;1413.139;nan;0.693994;;nan;;;winter;Dates estimated from Bliss et al. (2020): 22-27 April  and 7 –9 September 2014;https://doi.org/10.14509/30138
US;WESTFORK;;2014;;WFTranB;;24.04.2014;;nan;08.09.2014;;nan;nan;nan;63.528697;-147.236571;1413.139;nan;-2.187994;;nan;;;summer;Dates estimated from Bliss et al. (2020): 22-27 April  and 7 –9 September 2014;https://doi.org/10.14509/30138
US;WESTFORK;;2014;;WFTranC;;10.09.2013;;nan;08.09.2014;;nan;nan;nan;63.522346;-147.225642;1402.217;nan;-1.881;;nan;;;annual;Dates estimated from Bliss et al. (2020): 22-27 April  and 7 –9 September 2014;https://doi.org/10.14509/30138
US;WESTFORK;;2014;;WFTranC;;10.09.2013;;nan;24.04.2014;;nan;nan;nan;63.522346;-147.225642;1402.217;nan;0.792255;;nan;;;winter;Dates estimated from Bliss et al. (2020): 22-27 April  and 7 –9 September 2014;https://doi.org/10.14509/30138
US;WESTFORK;;2014;;WFTranC;;24.04.2014;;nan;08.09.2014;;nan;nan;nan;63.522346;-147.225642;1402.217;nan;-2.673255;;nan;;;summer;Dates estimated from Bliss et al. (2020): 22-27 April  and 7 –9 September 2014;https://doi.org/10.14509/30138
US;SUSITNA;;2014;;NWTrib1;;10.09.2013;;nan;08.09.2014;;nan;nan;nan;63.597556;-146.985831;2075;nan;0.745;;nan;;;annual;Dates estimated from Bliss et al. (2020): 22-27 April  and 7 –9 September 2014;https://doi.org/10.14509/30138
US;SUSITNA;;2014;;NWTrib1;;10.09.2013;;nan;24.04.2014;;nan;nan;nan;63.597556;-146.985831;2075;nan;1.890003;;nan;;;winter;Dates estimated from Bliss et al. (2020): 22-27 April  and 7 –9 September 2014;https://doi.org/10.14509/30138
US;SUSITNA;;2014;;NWTrib1;;24.04.2014;;nan;08.09.2014;;nan;nan;nan;63.597556;-146.985831;2075;nan;-1.145003;;nan;;;summer;Dates estimated from Bliss et al. (2020): 22-27 April  and 7 –9 September 2014;https://doi.org/10.14509/30138
US;SUSITNA;;2014;;NWTrib2;;10.09.2013;;nan;08.09.2014;;nan;nan;nan;63.553695;-146.9418;1411;nan;-2.412;;nan;;;annual;Dates estimated from Bliss et al. (2020): 22-27 April  and 7 –9 September 2014;https://doi.org/10.14509/30138
US;SUSITNA;;2014;;NWTrib2;;10.09.2013;;nan;24.04.2014;;nan;nan;nan;63.553695;-146.9418;1411;nan;0.66034;;nan;;;winter;Dates estimated from Bliss et al. (2020): 22-27 April  and 7 –9 September 2014;https://doi.org/10.14509/30138
US;SUSITNA;;2014;;NWTrib2;;24.04.2014;;nan;08.09.2014;;nan;nan;nan;63.553695;-146.9418;1411;nan;-3.07234;;nan;;;summer;Dates estimated from Bliss et al. (2020): 22-27 April  and 7 –9 September 2014;https://doi.org/10.14509/30138
US;EUREKA;;2014;;EU1;;10.09.2013;;nan;08.09.2014;;nan;nan;nan;63.341735;-146.362291;1417;nan;-2.187;;nan;;;annual;Dates estimated from Bliss et al. (2020): 22-27 April  and 7 –9 September 2014;https://doi.org/10.14509/30138
US;EUREKA;;2014;;EU1;;10.09.2013;;nan;24.04.2014;;nan;nan;nan;63.341735;-146.362291;1417;nan;0.805229;;nan;;;winter;Dates estimated from Bliss et al. (2020): 22-27 April  and 7 –9 September 2014;https://doi.org/10.14509/30138
US;EUREKA;;2014;;EU1;;24.04.2014;;nan;08.09.2014;;nan;nan;nan;63.341735;-146.362291;1417;nan;-2.992229;;nan;;;summer;Dates estimated from Bliss et al. (2020): 22-27 April  and 7 –9 September 2014;https://doi.org/10.14509/30138
US;WESTFORK;;1981;;West Fork Glacier;;01.10.1980;;nan;03.08.1981;;nan;nan;nan;63.461134;-147.493886;1120;nan;-2.673;;nan;;;annual;Date estimated from Clark et al. (1985) figs. 4 and likely correct within 5 days;https://doi.org/10.14509/30138
US;WESTFORK;;1981;;West Fork Glacier;;01.10.1980;;nan;03.09.1981;;nan;nan;nan;63.528697;-147.236537;1460;nan;-1.017;;nan;;;annual;Date estimated from Clark et al. (1985) figs. 4 and likely correct within 5 days;https://doi.org/10.14509/30138
US;WESTFORK;;1981;;West Fork Glacier;;01.10.1980;;nan;05.08.1981;;nan;nan;nan;63.605243;-147.079394;1950;nan;1.515;;nan;;;annual;Date estimated from Clark et al. (1985) figs. 4 and likely correct within 5 days;https://doi.org/10.14509/30138
US;SUSITNA;;1981;;Main branch of Susitna Glacier;;01.10.1980;;nan;01.08.1981;;nan;nan;nan;63.501697;-147.021273;1110;nan;-2.736;;nan;;;annual;Date estimated from Clark et al. (1985) figs. 4 and likely correct within 5 days;https://doi.org/10.14509/30138
US;SUSITNA;;1981;;Main branch of Susitna Glacier;;01.10.1980;;nan;30.09.1981;;nan;nan;nan;63.510669;-146.744141;1530;nan;-1.341;;nan;;;annual;Date estimated from Clark et al. (1985) figs. 4 and likely correct within 5 days;https://doi.org/10.14509/30138
US;SUSITNA;;1981;;Main branch of Susitna Glacier;;01.10.1980;;nan;01.08.1981;;nan;nan;nan;63.474264;-146.70479;2010;nan;1.075;;nan;;;annual;Date estimated from Clark et al. (1985) figs. 4 and likely correct within 5 days;https://doi.org/10.14509/30138
US;SUSITNA;;1981;;Northwest tributary of Susitna Glacier;;01.10.1980;;nan;03.09.1981;;nan;nan;nan;63.545776;-146.890493;1400;nan;-2.187;;nan;;;annual;Date estimated from Clark et al. (1985) figs. 4 and likely correct within 5 days;https://doi.org/10.14509/30138
US;SUSITNA;;1981;;Northwest tributary of Susitna Glacier;;01.10.1980;;nan;12.09.1981;;nan;nan;nan;63.585858;-146.880547;2350;nan;-1.0225;;nan;;;annual;Date estimated from Clark et al. (1985) figs. 4 and likely correct within 5 days;https://doi.org/10.14509/30138
US;SUSITNA;;1981;;Turkey tributary of Susitna Glacier;;01.10.1980;;nan;02.09.1981;;nan;nan;nan;63.53925;-146.742034;1670;nan;-2.574;;nan;;;annual;Date estimated from Clark et al. (1985) figs. 4 and likely correct within 5 days;https://doi.org/10.14509/30138
US;SUSITNA;;1981;;Turkey tributary of Susitna Glacier;;01.10.1980;;nan;04.08.1981;;nan;nan;nan;63.574904;-146.71694;2200;nan;1.92;;nan;;;annual;Date estimated from Clark et al. (1985) figs. 4 and likely correct within 5 days;https://doi.org/10.14509/30138
US;EASTFORK;;1981;;East Fork Glacier;;01.10.1980;;nan;05.08.1981;;nan;nan;nan;63.435891;-146.781645;1460;nan;-1.35;;nan;;;annual;Date estimated from Clark et al. (1985) figs. 4 and likely correct within 5 days;https://doi.org/10.14509/30138
US;EASTFORK;;1981;;East Fork Glacier;;01.10.1980;;nan;05.08.1981;;nan;nan;nan;63.443169;-146.615099;1950;nan;1.34;;nan;;;annual;Date estimated from Clark et al. (1985) figs. 4 and likely correct within 5 days;https://doi.org/10.14509/30138
US;EASTFORK;;1981;;Maclaren Glacier;;01.10.1980;;nan;02.08.1981;;nan;nan;nan;63.305364;-146.527377;1100;nan;-2.601;;nan;;;annual;Date estimated from Clark et al. (1985) figs. 4 and likely correct within 5 days;https://doi.org/10.14509/30138
US;MACLAREN;;1981;;Maclaren Glacier;;01.10.1980;;nan;02.08.1981;;nan;nan;nan;63.354979;-146.549746;1430;nan;-0.846;;nan;;;annual;Date estimated from Clark et al. (1985) figs. 4 and likely correct within 5 days;https://doi.org/10.14509/30138
US;MACLAREN;;1981;;Maclaren Glacier;;01.10.1980;;nan;03.08.1981;;nan;nan;nan;63.403237;-146.60112;1950;nan;1.76;;nan;;;annual;Date estimated from Clark et al. (1985) figs. 4 and likely correct within 5 days;https://doi.org/10.14509/30138
US;WESTFORK;;1982;;West Fork Glacier;;03.08.1981;;nan;20.09.1982;;nan;nan;nan;63.461134;-147.493886;1120;nan;-4.365;;nan;;;annual;Date estimated from Clark et al. (1985) figs. 4 and likely correct within 5 days;https://doi.org/10.14509/30138
US;WESTFORK;;1982;;West Fork Glacier;;03.09.1981;;nan;20.09.1982;;nan;nan;nan;63.528697;-147.236537;1460;nan;-1.53;;nan;;;annual;Date estimated from Clark et al. (1985) figs. 4 and likely correct within 5 days;https://doi.org/10.14509/30138
US;WESTFORK;;1982;;West Fork Glacier;;05.08.1981;;nan;22.09.1982;;nan;nan;nan;63.605243;-147.079394;1950;nan;1.555;;nan;;;annual;Date estimated from Clark et al. (1985) figs. 4 and likely correct within 5 days;https://doi.org/10.14509/30138
US;SUSITNA;;1982;;Main branch of Susitna Glacier;;01.08.1981;;nan;20.09.1982;;nan;nan;nan;63.501697;-147.021273;1110;nan;-3.51;;nan;;;annual;Date estimated from Clark et al. (1985) figs. 4 and likely correct within 5 days;https://doi.org/10.14509/30138
US;SUSITNA;;1982;;Main branch of Susitna Glacier;;30.09.1981;;nan;20.09.1982;;nan;nan;nan;63.510669;-146.744141;1530;nan;-1.773;;nan;;;annual;Date estimated from Clark et al. (1985) figs. 4 and likely correct within 5 days;https://doi.org/10.14509/30138
US;SUSITNA;;1982;;Main branch of Susitna Glacier;;01.08.1981;;nan;21.09.1982;;nan;nan;nan;63.474264;-146.70479;2010;nan;0.72;;nan;;;annual;Date estimated from Clark et al. (1985) figs. 4 and likely correct within 5 days;https://doi.org/10.14509/30138
US;SUSITNA;;1982;;Northwest tributary of Susitna Glacier;;03.09.1981;;nan;20.09.1982;;nan;nan;nan;63.545776;-146.890493;1400;nan;-2.394;;nan;;;annual;Date estimated from Clark et al. (1985) figs. 4 and likely correct within 5 days;https://doi.org/10.14509/30138
US;SUSITNA;;1982;;Turkey tributary of Susitna Glacier;;02.09.1981;;nan;20.09.1982;;nan;nan;nan;63.53925;-146.742034;1670;nan;-0.7945;;nan;;;annual;Date estimated from Clark et al. (1985) figs. 4 and likely correct within 5 days;https://doi.org/10.14509/30138
US;SUSITNA;;1982;;Turkey tributary of Susitna Glacier;;04.08.1981;;nan;22.09.1982;;nan;nan;nan;63.574904;-146.71694;2200;nan;1.355;;nan;;;annual;Date estimated from Clark et al. (1985) figs. 4 and likely correct within 5 days;https://doi.org/10.14509/30138
US;EASTFORK;;1982;;East Fork Glacier;;01.10.1982;;nan;22.09.1982;;nan;nan;nan;63.412698;-146.811379;1080;nan;-4.68;;nan;;;annual;Date estimated from Clark et al. (1985) figs. 4 and likely correct within 5 days;https://doi.org/10.14509/30138
US;EASTFORK;;1982;;East Fork Glacier;;nan;;nan;nan;;nan;nan;nan;63.438194;-146.717989;1590;nan;0.063;;nan;;;annual;Date estimated from Clark et al. (1985) figs. 4 and likely correct within 5 days;https://doi.org/10.14509/30138
US;EASTFORK;;1982;;East Fork Glacier;;01.10.1982;;nan;22.09.1982;;nan;nan;nan;63.435811;-146.596098;2050;nan;1.12;;nan;;;annual;Date estimated from Clark et al. (1985) figs. 4 and likely correct within 5 days;https://doi.org/10.14509/30138
US;MACLAREN;;1982;;Maclaren Glacier;;02.08.1981;;nan;20.09.1982;;nan;nan;nan;63.305364;-146.527377;1100;nan;-3.726;;nan;;;annual;Date estimated from Clark et al. (1985) figs. 4 and likely correct within 5 days;https://doi.org/10.14509/30138
US;MACLAREN;;1982;;Maclaren Glacier;;03.08.1981;;nan;22.09.1982;;nan;nan;nan;63.416019;-146.598679;2010;nan;1.86;;nan;;;annual;Date estimated from Clark et al. (1985) figs. 4 and likely correct within 5 days;https://doi.org/10.14509/30138
US;WESTFORK;;1983;;West Fork Glacier;;20.09.1982;;nan;27.09.1983;;nan;nan;nan;63.461134;-147.493886;1120;nan;-4.122;;nan;;;annual;Date estimated from Clark et al. (1985) figs. 4 and likely correct within 5 days;https://doi.org/10.14509/30138
US;WESTFORK;;1983;;West Fork Glacier;;22.09.1982;;nan;27.09.1983;;nan;nan;nan;63.605243;-147.079394;1950;nan;2.1275;;nan;;;annual;Date estimated from Clark et al. (1985) figs. 4 and likely correct within 5 days;https://doi.org/10.14509/30138
US;SUSITNA;;1983;;Main branch of Susitna Glacier;;20.09.1982;;nan;27.09.1983;;nan;nan;nan;63.501697;-147.021273;1110;nan;-3.159;;nan;;;annual;Date estimated from Clark et al. (1985) figs. 4 and likely correct within 5 days;https://doi.org/10.14509/30138
US;SUSITNA;;1983;;Main branch of Susitna Glacier;;21.09.1982;;nan;27.09.1983;;nan;nan;nan;63.474264;-146.70479;2010;nan;1.5025;;nan;;;annual;Date estimated from Clark et al. (1985) figs. 4 and likely correct within 5 days;https://doi.org/10.14509/30138
US;SUSITNA;;1983;;Northwest tributary of Susitna Glacier;;20.09.1982;;nan;27.09.1983;;nan;nan;nan;63.545776;-146.890493;1400;nan;-2.5585;;nan;;;annual;Date estimated from Clark et al. (1985) figs. 4 and likely correct within 5 days;https://doi.org/10.14509/30138
US;SUSITNA;;1983;;Turkey tributary of Susitna Glacier;;22.09.1982;;nan;27.09.1983;;nan;nan;nan;63.574904;-146.71694;2200;nan;0.8025;;nan;;;annual;Date estimated from Clark et al. (1985) figs. 4 and likely correct within 5 days;https://doi.org/10.14509/30138
US;EASTFORK;;1983;;East Fork Glacier;;22.09.1982;;nan;27.09.1983;;nan;nan;nan;63.412698;-146.811379;1080;nan;-3.5155;;nan;;;annual;Date estimated from Clark et al. (1985) figs. 4 and likely correct within 5 days;https://doi.org/10.14509/30138
US;EASTFORK;;1983;;East Fork Glacier;;22.09.1982;;nan;27.09.1983;;nan;nan;nan;63.435811;-146.596098;2050;nan;0.3325;;nan;;;annual;Date estimated from Clark et al. (1985) figs. 4 and likely correct within 5 days;https://doi.org/10.14509/30138
US;MACLAREN;;1983;;Maclaren Glacier;;20.09.1982;;nan;23.09.1983;;nan;nan;nan;63.305364;-146.527377;1100;nan;-3.096;;nan;;;annual;Date estimated from Clark et al. (1985) figs. 4 and likely correct within 5 days;https://doi.org/10.14509/30138
US;MACLAREN;;1983;;Maclaren Glacier;;22.09.1982;;nan;24.09.1983;;nan;nan;nan;63.416019;-146.598679;2030;nan;1.992;;nan;;;annual;Date estimated from Clark et al. (1985) figs. 4 and likely correct within 5 days;https://doi.org/10.14509/30138
